hazard_key,description,recall_count
chemical_toxic,"Toxic chemical exposure: lead, cadmium, carbon monoxide, etc.",6721
choking,"Choking, aspiration or strangulation hazards (incl. small parts)",2160
crash_injury,"Vehicle crash, airbag, braking or steering related injury risks",20432
drug_defect,"Drug potency, contamination, mislabeling or dosage defects",35123
electric_shock,Electric shock or electrocution hazards,708
fall_injury,"Fall, tip-over or structural collapse hazards",1518
fire_burn,"Fire, thermal burn, overheating or explosion hazards",9589
laceration,"Cut, laceration or amputation hazards",3930
microbial_contamination,"Bacterial/viral contamination: Salmonella, Listeria, E. coli, etc.",20224
other,Hazards not yet mapped to the controlled taxonomy,17548
undeclared_allergen,"Undeclared allergens: milk, peanuts, soy, wheat, etc.",9224
