nhtsa_id,make,model,model_year,source_id
11037291,FORD,F-150,2021,523
11037301,HONDA,PASSPORT,2026,523
11037301,HONDA,PASSPORT,2027,523
11037308,FORD,BRONCO,2021,523
11037308,FORD,BRONCO,2022,523
11037310,FORD,F-150,2021,523
11037310,FORD,F-150,2022,523
11037336,JEEP,GRAND WAGONEER,2026,523
11037336,JEEP,WAGONEER,2026,523
11037340,DODGE,DURANGO,2018,523
11037340,DODGE,DURANGO,2019,523
11037340,DODGE,DURANGO,2020,523
11037340,DODGE,DURANGO,2021,523
11037340,DODGE,DURANGO,2022,523
11037340,DODGE,DURANGO,2023,523
11037340,DODGE,DURANGO,2024,523
11037340,DODGE,DURANGO,2025,523
11037340,DODGE,DURANGO,2026,523
11037340,JEEP,GRAND CHEROKEE,2018,523
11037340,JEEP,GRAND CHEROKEE,2019,523
11037340,JEEP,GRAND CHEROKEE,2020,523
11037340,JEEP,GRAND CHEROKEE,2021,523
11037340,JEEP,GRAND CHEROKEE,2022,523
11037341,DODGE,DURANGO,2018,523
11037341,DODGE,DURANGO,2019,523
11037341,DODGE,DURANGO,2020,523
11037341,DODGE,DURANGO,2021,523
11037341,DODGE,DURANGO,2022,523
11037341,DODGE,DURANGO,2023,523
11037341,DODGE,DURANGO,2024,523
11037341,DODGE,DURANGO,2025,523
11037341,DODGE,DURANGO,2026,523
11037341,JEEP,GRAND CHEROKEE,2018,523
11037341,JEEP,GRAND CHEROKEE,2019,523
11037341,JEEP,GRAND CHEROKEE,2020,523
11037341,JEEP,GRAND CHEROKEE,2021,523
11037341,JEEP,GRAND CHEROKEE,2022,523
11037350,JEEP,GRAND CHEROKEE,2021,523
11037350,JEEP,GRAND CHEROKEE,2022,523
11037350,JEEP,GRAND CHEROKEE,2023,523
11037350,JEEP,GRAND CHEROKEE,2024,523
11037350,JEEP,GRAND CHEROKEE,2025,523
11037350,JEEP,GRAND CHEROKEE,2026,523
11037350,JEEP,GRAND CHEROKEE 4XE,2022,523
11037350,JEEP,GRAND CHEROKEE 4XE,2023,523
11037350,JEEP,GRAND CHEROKEE 4XE,2024,523
11037350,JEEP,GRAND CHEROKEE 4XE,2025,523
11037350,JEEP,GRAND CHEROKEE 4XE,2026,523
11037350,JEEP,GRAND CHEROKEE L,2021,523
11037350,JEEP,GRAND CHEROKEE L,2022,523
11037350,JEEP,GRAND CHEROKEE L,2023,523
11037350,JEEP,GRAND CHEROKEE L,2024,523
11037350,JEEP,GRAND CHEROKEE L,2025,523
11037350,JEEP,GRAND CHEROKEE L,2026,523
11037351,JEEP,GRAND CHEROKEE,2011,523
11037351,JEEP,GRAND CHEROKEE,2012,523
11037351,JEEP,GRAND CHEROKEE,2013,523
11037351,JEEP,GRAND CHEROKEE,2014,523
11037351,JEEP,GRAND CHEROKEE,2015,523
11037351,JEEP,GRAND CHEROKEE,2016,523
11037351,JEEP,GRAND CHEROKEE,2017,523
11037351,JEEP,GRAND CHEROKEE,2018,523
11037351,JEEP,GRAND CHEROKEE,2019,523
11037351,JEEP,GRAND CHEROKEE,2020,523
11037351,JEEP,GRAND CHEROKEE,2021,523
11037351,JEEP,GRAND CHEROKEE,2022,523
11037354,JEEP,COMPASS,2023,523
11037354,JEEP,COMPASS,2024,523
11037354,JEEP,COMPASS,2025,523
11037354,JEEP,COMPASS,2026,523
11037354,JEEP,GRAND CHEROKEE,2023,523
11037354,JEEP,GRAND CHEROKEE,2024,523
11037354,JEEP,GRAND CHEROKEE,2025,523
11037354,JEEP,GRAND CHEROKEE 4XE,2023,523
11037354,JEEP,GRAND CHEROKEE 4XE,2024,523
11037354,JEEP,GRAND CHEROKEE 4XE,2025,523
11037354,JEEP,WRANGLER,2023,523
11037354,JEEP,WRANGLER,2024,523
11037354,JEEP,WRANGLER,2025,523
11037354,JEEP,WRANGLER,2026,523
11037354,JEEP,WRANGLER 4XE,2023,523
11037354,JEEP,WRANGLER 4XE,2024,523
11037354,JEEP,WRANGLER 4XE,2025,523
11037354,JEEP,WRANGLER 4XE,2026,523
11037355,JEEP,GRAND CHEROKEE,2022,523
11037355,JEEP,GRAND CHEROKEE,2023,523
11037355,JEEP,GRAND CHEROKEE,2024,523
11037355,JEEP,GRAND CHEROKEE,2025,523
11037355,JEEP,GRAND CHEROKEE,2026,523
11037355,JEEP,GRAND CHEROKEE 4XE,2022,523
11037355,JEEP,GRAND CHEROKEE 4XE,2023,523
11037355,JEEP,GRAND CHEROKEE 4XE,2024,523
11037355,JEEP,GRAND CHEROKEE 4XE,2025,523
11037355,JEEP,GRAND CHEROKEE 4XE,2026,523
11037355,JEEP,GRAND CHEROKEE L,2022,523
11037355,JEEP,GRAND CHEROKEE L,2023,523
11037355,JEEP,GRAND CHEROKEE L,2024,523
11037355,JEEP,GRAND CHEROKEE L,2025,523
11037355,JEEP,GRAND CHEROKEE L,2026,523
11037366,RAM,1500,2026,523
11037366,RAM,1500,2027,523
11037378,ALTEC,DIGGER DERRICK,2026,523
11037378,ALTEC,SERVICE BODY,2026,523
11037416,FORD,F-150 LIGHTNING BEV,2023,523
11037416,FORD,F-150 LIGHTNING BEV,2024,523
11037416,FORD,F-150 LIGHTNING BEV,2025,523
11037416,FORD,MUSTANG MACH E,2023,523
11037416,FORD,MUSTANG MACH E,2024,523
11037416,FORD,MUSTANG MACH E,2025,523
11037416,FORD,MUSTANG MACH E,2026,523
11037417,FORD,BRONCO,2022,523
11037419,FORD,BRONCO,2023,523
11037419,FORD,BRONCO,2025,523
11037419,FORD,BRONCO,2026,523
11037419,FORD,ESCAPE,2023,523
11037419,FORD,ESCAPE,2024,523
11037419,FORD,ESCAPE,2025,523
11037419,FORD,ESCAPE,2026,523
11037419,FORD,F-150,2023,523
11037419,FORD,F-150 LIGHTNING BEV,2023,523
11037419,FORD,F-150 LIGHTNING BEV,2024,523
11037419,FORD,F-150 LIGHTNING BEV,2025,523
11037419,FORD,MUSTANG,2024,523
11037419,FORD,MUSTANG,2025,523
11037419,FORD,MUSTANG,2026,523
11037419,FORD,MUSTANG MACH E,2023,523
11037419,FORD,MUSTANG MACH E,2024,523
11037419,FORD,RANGER,2024,523
11037419,FORD,RANGER,2025,523
11037419,FORD,RANGER,2026,523
11037419,LINCOLN,CORSAIR,2023,523
11037419,LINCOLN,CORSAIR,2024,523
11037419,LINCOLN,CORSAIR,2025,523
11037419,LINCOLN,CORSAIR,2026,523
11037428,HONDA,PASSPORT,2026,523
11037428,HONDA,PASSPORT,2027,523
11037461,JEEP,GRAND WAGONEER,2026,523
11037473,JEEP,GRAND WAGONEER,2022,523
11037473,JEEP,GRAND WAGONEER,2023,523
11037473,JEEP,GRAND WAGONEER,2024,523
11037473,JEEP,GRAND WAGONEER,2025,523
11037473,JEEP,GRAND WAGONEER,2026,523
11037473,JEEP,WAGONEER,2022,523
11037473,JEEP,WAGONEER,2023,523
11037473,JEEP,WAGONEER,2024,523
11037473,JEEP,WAGONEER,2025,523
11037474,JEEP,GRAND WAGONEER,2022,523
11037474,JEEP,GRAND WAGONEER,2023,523
11037474,JEEP,GRAND WAGONEER,2024,523
11037474,JEEP,GRAND WAGONEER,2025,523
11037474,JEEP,GRAND WAGONEER,2026,523
11037474,JEEP,WAGONEER,2022,523
11037474,JEEP,WAGONEER,2023,523
11037474,JEEP,WAGONEER,2024,523
11037474,JEEP,WAGONEER,2025,523
11037505,BMW,230I,2024,523
11037505,BMW,330I,2024,523
11037505,BMW,430I,2024,523
11037505,BMW,530I,2024,523
11037505,BMW,740I,2024,523
11037505,BMW,X3,2024,523
11037505,BMW,X5,2024,523
11037505,BMW,X6,2024,523
11037505,BMW,X7,2024,523
11037508,BMW,530I,2025,523
11037508,BMW,740I,2025,523
11037508,BMW,M5,2025,523
11037508,BMW,M5 SPORTSWAGON,2025,523
11037508,BMW,X3,2025,523
11037511,FORD,BRONCO,2022,523
11037531,BMW,550E XDRIVE,2025,523
11037531,BMW,750E XDRIVE,2025,523
11037531,BMW,M5,2025,523
11037531,BMW,M5 SPORTSWAGON,2025,523
11037531,BMW,XM,2025,523
11037532,BMW,230I,2024,523
11037532,BMW,530I,2024,523
11037532,BMW,740I,2024,523
11037532,BMW,IX,2024,523
11037532,BMW,X1,2024,523
11037532,BMW,X2,2024,523
11037532,BMW,X3,2024,523
11037532,BMW,X5,2024,523
11037532,BMW,X6,2024,523
11037532,BMW,X7,2024,523
11037532,BMW,XM,2024,523
11037533,BMW,740I,2025,523
11037533,BMW,X7,2025,523
11037533,BMW,XM,2025,523
11037536,MINI,COOPER,2025,523
11037536,MINI,COOPER CONVERTIBLE,2025,523
11037536,MINI,COOPER S,2025,523
11037536,MINI,COUNTRYMAN,2025,523
11037537,FORD,BRONCO,2021,523
11037537,FORD,BRONCO,2022,523
11037537,FORD,BRONCO,2023,523
11037537,FORD,BRONCO,2024,523
11037537,FORD,BRONCO,2025,523
11037559,FORD,EXPEDITION,2022,523
11037559,FORD,EXPEDITION,2023,523
11037559,FORD,EXPEDITION,2024,523
11037559,FORD,EXPLORER,2022,523
11037559,FORD,EXPLORER,2023,523
11037559,FORD,EXPLORER,2024,523
11037559,FORD,F-150,2022,523
11037559,FORD,F-150,2023,523
11037559,FORD,F-150,2024,523
11037559,FORD,MUSTANG,2022,523
11037559,FORD,MUSTANG,2023,523
11037559,FORD,MUSTANG,2024,523
11037559,FORD,RANGER,2022,523
11037559,FORD,RANGER,2023,523
11037559,FORD,TRANSIT,2022,523
11037559,FORD,TRANSIT,2023,523
11037559,FORD,TRANSIT,2024,523
11037559,LINCOLN,AVIATOR,2022,523
11037559,LINCOLN,AVIATOR,2023,523
11037559,LINCOLN,NAVIGATOR,2022,523
11037559,LINCOLN,NAVIGATOR,2023,523
11037559,LINCOLN,NAVIGATOR,2024,523
11037561,FORD,F-150,2024,523
11037561,FORD,MUSTANG MACH E,2021,523
11037561,FORD,MUSTANG MACH E,2022,523
11037561,FORD,MUSTANG MACH E,2023,523
11037561,FORD,MUSTANG MACH E,2024,523
11037561,LINCOLN,NAVIGATOR,2025,523
11037561,LINCOLN,NAVIGATOR,2026,523
11037573,RAM,1500,2026,523
11037579,RAM,1500,2026,523
11037579,RAM,1500,2027,523
11037582,JEEP,GRAND CHEROKEE,2021,523
11037582,JEEP,GRAND CHEROKEE,2022,523
11037582,JEEP,GRAND CHEROKEE,2023,523
11037582,JEEP,GRAND CHEROKEE,2024,523
11037582,JEEP,GRAND CHEROKEE,2025,523
11037582,JEEP,GRAND CHEROKEE 4XE,2022,523
11037582,JEEP,GRAND CHEROKEE 4XE,2023,523
11037582,JEEP,GRAND CHEROKEE 4XE,2024,523
11037582,JEEP,GRAND CHEROKEE 4XE,2025,523
11037582,JEEP,GRAND CHEROKEE L,2021,523
11037582,JEEP,GRAND CHEROKEE L,2022,523
11037582,JEEP,GRAND CHEROKEE L,2023,523
11037582,JEEP,GRAND CHEROKEE L,2024,523
11037582,JEEP,GRAND CHEROKEE L,2025,523
11037582,JEEP,GRAND WAGONEER,2022,523
11037582,JEEP,GRAND WAGONEER,2023,523
11037582,JEEP,GRAND WAGONEER,2024,523
11037582,JEEP,GRAND WAGONEER,2025,523
11037582,JEEP,WAGONEER,2022,523
11037582,JEEP,WAGONEER,2023,523
11037582,JEEP,WAGONEER,2024,523
11037582,JEEP,WAGONEER,2025,523
11037586,JEEP,GRAND WAGONEER,2026,523
11037586,JEEP,WAGONEER,2026,523
11037592,JEEP,GRAND CHEROKEE,2021,523
11037592,JEEP,GRAND CHEROKEE,2022,523
11037592,JEEP,GRAND CHEROKEE,2023,523
11037592,JEEP,GRAND CHEROKEE,2024,523
11037592,JEEP,GRAND CHEROKEE,2025,523
11037592,JEEP,GRAND CHEROKEE,2026,523
11037592,JEEP,GRAND CHEROKEE 4XE,2022,523
11037592,JEEP,GRAND CHEROKEE 4XE,2023,523
11037592,JEEP,GRAND CHEROKEE 4XE,2024,523
11037592,JEEP,GRAND CHEROKEE 4XE,2025,523
11037592,JEEP,GRAND CHEROKEE 4XE,2026,523
11037592,JEEP,GRAND CHEROKEE L,2021,523
11037592,JEEP,GRAND CHEROKEE L,2022,523
11037592,JEEP,GRAND CHEROKEE L,2023,523
11037592,JEEP,GRAND CHEROKEE L,2024,523
11037592,JEEP,GRAND CHEROKEE L,2025,523
11037592,JEEP,GRAND CHEROKEE L,2026,523
11037665,TIFFIN,ALLEGRO BAY,2026,523
11037665,TIFFIN,ALLEGRO BAY,2027,523
11037671,FORD,EXPLORER,2020,523
11037671,FORD,EXPLORER,2021,523
11037671,LINCOLN,AVIATOR,2020,523
11037671,LINCOLN,AVIATOR,2021,523
11037676,ALTEC,SERVICE BODY,2024,523
11037676,ALTEC,SERVICE BODY,2025,523
11037782,FORD,F-150 LIGHTNING BEV,2022,523
11037782,FORD,F-150 LIGHTNING BEV,2023,523
11037782,FORD,F-150 LIGHTNING BEV,2024,523
11037782,FORD,F-150 LIGHTNING BEV,2025,523
11037782,FORD,MUSTANG MACH E,2021,523
11037782,FORD,MUSTANG MACH E,2022,523
11037782,FORD,MUSTANG MACH E,2023,523
11037782,FORD,MUSTANG MACH E,2024,523
11037844,BMW,X1,2023,523
11037844,BMW,X3,2025,523
11037844,BMW,X3,2026,523
