action_number,opened_date,closed_date,subject,summary,source_id
AQ26001,2026-06-09,,NU Car rental of vehicles with open recalls,"NHTSA is opening this Audit Query (AQ) to investigate NU Car Rentals (NU Car) for compliance with the requirements of the National Traffic and Motor Vehicle Safety Act.The Safety Act requires that a rental company shall not rent a vehicle subject to a safety recall unless the recall remedy has been performed. 49 U.S.C. § 30120(i). NHTSA is in receipt of information that indicates NU Car rented at least two vehicles to consumers without having performed required recall repairs. The Vehicle Owner Questionnaires (VOQ) related to this investigation can be found on nhtsa.gov by searching for ID number 11730449 and 11504655. Accordingly, we are opening this audit query to seek additional information concerning this issue.",522
DP25001,2025-09-05,2026-04-09,Underbody shields detachment,"The Office of Defects Investigation (ODI) received a petition on August 22, 2025, requesting a defect investigation into an alleged defect of the “underbody shields” on model year (MY) 2020 Ford Explorer vehicles. The petition alleges premature degradation and detachment of the plastic underbody shields, potentially leading to road debris. The petition itself can be reviewed at NHTSA.gov under ODI number 11682326. A search of the subject vehicle population was undertaken using complaints submitted to ODI. No related complaints were found in NHTSA’s database for the subject vehicle population. Subsequently, ODI conducted a broader search for related complaints and field reports involving MY 2020-2025 Ford Explorer and Lincoln Aviator models, as these vehicles utilize substantially similar underbody shields. No complaints or reports were found citing any allegations pertaining to any of the underbody shields. ODI also reviewed manufacturer information and data and did not identify a trend related to the Petitioner’s allegations. Based on the absence of consumer complaints and reports, ODI has not identified a material risk of a complete detachment or a projectile hazard related to this condition. The petitioner's description of detectable symptoms - including noise and vibration that progressively worsen and visible sagging of the shields underneath the vehicle - indicates a failure mode that provides drivers with ample notice to seek service before a potential detachment. In view of the insufficient evidence of a vehicle-based defect pertaining to the underbody shields of the subject vehicle, ODI is denying this Defect Petition. A Federal Register Notice (FRN) further detailing NHTSA’s reasons for denial of the petition will be published. The Agency reserves the right to take additional action if warranted by future circumstances. To review the report cited in the Closing Resume ODI Report Identification Number document, go to NHTSA.gov.",522
EA23002,2023-09-29,2024-10-31,Loss of Motive Power,"On July 22, 2022, the Office of Defects Investigation (ODI) granted a Defect Petition (DP22001) and opened a Preliminary Evaluation (PE22007) to investigate allegations of loss of motive power in model year (MY) 2021 Ford Bronco vehicles equipped with 2.7L EcoBoost engines. Complainants were reporting sudden engine failure while driving resulting in a loss of motive power, often without the ability to restart. During PE22007, the cause of engine failure and loss of motive power in the subject vehicles was determined to be intake valve fracture, and the full scope of vehicles affected by the subject defect was identified as all MY 2021-2022 Ford and Lincoln models equipped with either the 2.7L or 3.0L EcoBoost engines, referred to as the “Nano” engine family.  If an intake valve fractures in the subject engines, it may drop into the cylinder and contact the piston, often resulting in catastrophic engine damage. On September 29, 2023, PE22007 was upgraded to an Engineering Analysis (EA23002) to further investigate the subject defect across the full scope of affected vehicles. During EA23002, ODI visited Ford facilities to review technical information related to intake valve fracture in “Nano” engines, coordinated with NHTSA’s Vehicle Research and Testing Center (VRTC), and analyzed updated field data relating the subject defect. Forensic analysis of fractured intake valves demonstrated that the defective components exhibited “grinding burn” or out of specification hardness in the area of the keeper grooves. The presence of grinding burn is evidence that during the groove grinding phase of production, the temperature of the valve became sufficiently high to alter the microstructure of the material and is indicative that the valve supplier’s manufacturing processes were not within control specifications. Grinding burn results in a hard, brittle microstructure and high residual stresses toward the surface of the valve. Through normal engine loading, a valve with grinding burn will likely fracture at the area of highest vulnerability, which is the third keeper groove. In its response to the EA23002 Information Request (IR) letter, Ford provided evidence of 396 customer complaints (including field reports), 825 warranty claims, and 936 engine exchanges. When considering both ODI and manufacturer failure report data, there have been reports representing 1066 unique vehicles within the subject vehicle population. Analysis of the failure report data demonstrates that vehicles equipped with potentially defective intake valves were built within a production “spike period” of May 2021 – October 2021. The beginning of the spike period corresponds to a ramp up in production at the valve supplier manufacturing facility, and the end of the spike period aligns with the implementation of several mid-production process improvements and the decision to change the metal alloy used to produce intake valves from “Silchrome Lite” to “Silchrome 1”. Ford began investigating the subject defect in July 2021, determined the root cause, and took corrective measures for the new production vehicles. Analysis of the failure report data demonstrates that these corrective actions were successful in eliminating the risk of intake valve fracture for subject vehicles produced after October 2021. However, Ford did not take any field action to address vehicles produced during the spike period, and in the several months following the implementation of the production changes, a significant number of field failures continued to occur. It is Ford’s assessment that not all valves produced during the spike period are defective, and that failures associated with the subject defect occur at low time in service. Analysis of the failure report data demonstrates that the vast majority of failures have occurred before 20,000 miles with over half of all reported failures occurring before 5,000 miles. The rate of reported failures related to the subject defect has steadily decreased since November 2021. ODI coordinated with NHTSA’s National Center for Statistics and Analysis (NCSA) to conduct statistical analysis and predict the number of future failures associated with the subject defect. The results of this analysis, and the trends identified through the failure report data are generally consistent with Ford’s assessment that defective intake valves will likely fail at a low time in service and indicate that the majority of subject vehicles equipped with defective valves have already experienced a failure. On August 23, 2024, Ford submitted recall 24V635 for subject vehicles equipped with “Nano” engines and built within the production spike period identified above (total population 90,736 vehicles). The remedy includes an inspection at a Ford/Lincoln dealership where the lifetime engine cycles of the vehicle will be determined. If a vehicle does not meet a threshold for lifetime engine cycles, the dealership will conduct a high RPM engine cycle accumulation procedure, which aims to identify if the vehicle is equipped with defective intake valves. Any vehicle that fails the accumulation procedure will receive an engine replacement under the recall. In addition to recall 24V635, Ford has stated that it will launch customer satisfaction campaign 24N12, which will provide extended warranty coverage to the subject vehicles through the earlier of 10 years or 150,000 miles. In view of the recall action being taken by Ford, ODI is closing this Engineering Analysis. To review the reports cited in the Closing Resume ODI Report Identification Number document, go to NHTSA.gov.",522
EA25001,2025-01-17,,Collisions Involving Ford BlueCruise,"On April 25, 2024, NHTSA’s Office of Defects Investigation (ODI) opened a Preliminary Evaluation (PE24012) to assess BlueCruise, a partial driving automation system available on certain vehicles manufactured by Ford Motor Company (Ford). NHTSA opened the investigation after the agency received notice of two fatal collisions involving BlueCruise-equipped Ford Mustang Mach-E vehicles. Based on the incidents, NHTSA scoped the investigation to 2021-2024 Mustang Mach-E vehicles equipped with BlueCruise. In June 2024, ODI sent an Information Request (IR) letter to Ford requiring that it provide certain information pertaining to crashes, non-crash reports, and technical specifications that relate to BlueCruise, as well as other Ford partial driving automation systems that offer lane and speed maintenance. In its response to ODI’s IR, Ford stated that there are 2,539,962 Ford and Lincoln vehicles (including subject and peer vehicles) equipped with a partial driving automation system within the scope of the request. The majority of these vehicles are equipped with a system that Ford calls Lane Centering Assist (LCA), which is a hands-on partial driving automation system that combines longitudinal control authority governed by Adaptive Cruise Control (ACC) and lateral control authority governed by a steerable path. LCA is offered on a wide range of Ford and Lincoln models beginning in model year 2019. Vehicles that are equipped with BlueCruise, the focus of this investigation, have LCA capability and additionally offer hands-free partial driving automation when certain conditions are met. Hands-free BlueCruise operation is only offered on certain roadways and system availability is geofenced using vehicle GPS. BlueCruise-equipped vehicles employ a camera-based driver monitoring system to determine driver attentiveness to the roadway. BlueCruise was introduced in model year 2021 and is currently available in a select range of Ford and Lincoln vehicles. For BlueCruise- and LCA-equipped vehicles, both ACC and Pre-Collision Assist (PCA) features use a combination of camera and radar sensing technologies to detect and classify objects. ACC is specifically designed to detect vehicles (including cars, trucks, and motorcycles) and bicycles in front of the subject vehicle which are either stationary or moving in the same direction as the subject vehicle. Through this investigation, limitations in the detection of stationary vehicles in certain conditions have been identified. Specifically, due to the potential for false detection of stationary objects at long distances, Ford designed ACC to inhibit any response to reported stationary objects when the subject vehicle’s approach speed is at or above 62 mph. Additionally, system performance may be limited when there is poor visibility due to insufficient illumination. In addition to reviewing Ford’s response to ODI’s IR, the agency conducted a review of crash and non-crash reports identified collectively through Ford’s IR response, incident reporting through Standing General Order 2021-01 (SGO), and NHTSA vehicle owner questionnaires. In total, 32 crashes and 2,004 non-crash reports on subject and peer Ford vehicles were identified across manufacturer and ODI data sources. A detailed analysis of each crash was conducted including the review of any available police reports, photographs, data recovered from in-vehicle event data recorders, connected vehicle data, and/or other information. In both fatal collisions referenced in the PE24012 opening resume, the subject Ford Mustang Mach-E vehicle was traveling over 70 mph on a controlled-access highway during nighttime lighting conditions with hands-free BlueCruise engaged when it collided with a stationary vehicle. Analysis of data imaged from the vehicles’ event data recorders demonstrates that in each incident, the driver did not apply the brakes or take evasive steering action, and no deceleration was initiated by either the BlueCruise system or PCA prior to impact. Through the agency’s crash analysis, four additional frontal collisions were identified where the subject Ford impacted a stopped or slow-moving lead vehicle or another stationary object located in the travel lane. Two of these four incidents involved BlueCruise-equipped Ford Mustang Mach-E vehicles (included in the failure report summary along with the fatal collisions discussed above), while the other two involved other Ford models equipped with the LCA system. Additionally, a trend was identified through analysis of the non-crash reports relating to allegations that ACC (the longitudinal component of both BlueCruise and LCA) failed to detect and/or respond to a stopped or slow-moving lead vehicle. In these reports, consumers often describe that the absence of deceleration initiated by ACC was unexpected and required harsh manual braking or intervention from the PCA to avoid a frontal collision with the lead vehicle. Based on NHTSA’s analysis, system limitations relating to the detection of stationary vehicles while traveling at highway speeds and in nighttime lighting conditions appear to be factors in collisions under investigation and several apparently similar near-miss, non-crash reports. This Engineering Analysis (EA) is being opened to further investigate these system limitations and to evaluate drivers’ ability to respond to scenarios that exceed system limitations. During the EA, the agency expects to, among other things, perform vehicle evaluations, review additional technical information, and perform additional analysis of related crashes and non-crash reports. The crashes included in the failure report summary can be found at NHTSA.gov under the following SGO report identification numbers: 502-7268, 502-7426, 502-6852, 502-8738.",522
PE23002,2023-01-27,2024-04-17,Complete Loss of High Beams,"On January 27, 2023, the Office of Defects Investigation (ODI) opened PE23002 to investigate allegations of loss of high beams with no warning and no re-engagement resulting in reduced visibility at night in the 2020 Kia Telluride. The investigation revealed that the halogen bi-function projector beam, used in vehicles built between January 2019 and November of 2019, is composed of one halogen bulb light source that provides light for both low beam and high beam. The heat generated by the halogen bulb will inflict damage to the gear mechanism and as a result the shutter’s electric motor will no longer be able to move the shutter to the open position to reveal the high beams. A loss of high beams, prevents the driver from having proper distance illumination, therefore increasing the risk of a crash. On February 24, 2024, Kia filed recall 24V-148 for certain MY 2020 Kia Tellurides. The recall remedy provides an inspection of the high beam shield gear mechanism and will either apply a clip to secure the shield gear to the shaft or replace the headlamp assembly with one that is resistant to heat damagefrom the halogen bulb. In view of the recall action being taken by Kia, ODI is closing this Preliminary Evaluation. The agency reserves the right to take additional action if warranted by future circumstances. To review the reports cited in the Closing Resume ODI Report Identification Number document, go to NHTSA.gov.",522
PE23011,2023-06-08,2024-04-17,Loss of Motive Power,"On June 8, 2023, the Office of Defect Investigation (ODI) opened PE23011 to investigate allegations of loss of motor power on model year (MY) 2022 Hyundai Ioniq 5 vehicles. Some consumers reported loss of motor power immediately after a warning lamp illumination or reduction of motive power while the vehicle was in motion. This investigation found that the Integrated Charging Control Unit (ICCU) may be subject to various conditions such as overcurrent, overvoltage induced at the end of charging, and certain thermal loading during operation that can damage its internal components and open the ICCU fuse, resulting in an inability to charge the 12-volt battery. The vehicle could eventually lose all motive power, increasing the risk of a crash. In July 2023, Hyundai issued a service campaign to address certain MY 2022-2023 Ioniq 5 and MY 2023 Ioniq 6 vehicles that may have low 12V auxiliary battery charging occurrences due to an ICCU fault and may set the DTC P1A9096 “DC/DC Converter Input Voltage Sensor Fault”. On March 15, 2024, Hyundai filed Safety Recall 24V-204 for 98,878 MY 2022-2024 Hyundai Ioniq 5 vehicles and MY 2023-2024 Hyundai Ioniq 6, Genesis GV60, Genesis GV70 “Electrified” and Genesis G80 “Electrified” vehicles. The recall remedy provides an inspection, and if necessary, a replacement of the ICCU and the associated fuse. The ICCU software reduces the risk of overcurrent and implements voltage peak reduction at the end of EV battery charging. The recall also includes a software update that revises the electric water pump operational threshold to reduce thermal loading during charging and driving. In view of the recall action being taken by Hyundai, ODI is closing this Preliminary Evaluation. The agency reserves the right to take additional action if warranted by future circumstances. To review the reports cited in the Closing Resume ODI Report Identification Number document, go to NHTSA.gov.",522
PE23012,2023-07-03,2024-04-17,Loss of Motive Power,"On July 3, 2023, the Office of Defect Investigation (ODI) opened PE23012 to investigate allegations of loss of motor power on model year (MY) 2022 Kia EV6 vehicles. Some consumers reported loss of motor power immediately after warning lamp illumination or reduction of motive power while the vehicle was in motion. This investigation found that the Integrated Charing Unit (ICCU) may become damaged over time from transient high voltage and thermal cycling. A damaged ICCU may not be able to charge the 12-volt battery which can discharge gradually while driving with a reduction of motive power. The vehicle could eventually experience a complete loss of motive power thereby increasing the risk of a crash. On July 13, 2023, Kia conducted a service campaign to inspect the ICCU and install an improved over-current detection software logic in certain 2022-2023 EV6 vehicles. On March 15, 2024, Kia filed recall 24V-200 for 48,232 MY 2022-2024 Kia EV6 vehicles. The recall remedy provides an inspection of the ICCU, and if necessary, a replacement of the ICCU and the associated fuse. The ICCU software reduces the risk of overcurrent and implements voltage peak reduction at the end of EV battery charging. The recall also includes a software update that revises the electric water pump operational threshold to reduce thermal loading during charging and driving. In view of the recall action being taken by Kia, ODI is closing this Preliminary Evaluation. The agency reserves the right to take additional action if warranted by future circumstances. To review the reports cited in the Closing Resume ODI Report Identification Number document, go to NHTSA.gov.",522
PE23021,2023-11-22,2024-07-29,Seat Belt Pretensioner Inadvertent Deployment,"On November 22, 2023, the Office of Defects Investigation (ODI) opened PE23-021 to investigate instances of seat belt pretensioner inadvertent deployment in model year (MY) 2019 Ford Expedition vehicles manufactured by Ford Motor Company. Some complaints allege hearing a loud, explosion-like sound immediately followed by the seatbelt tightening around the occupant’s torso area. The complaints do not allege a crash occurred that may have resulted in the deployment of the pretensioner system. The investigation revealed certain seatbelt pretensioners may develop corroded squib pins where the bridge wire (heating element of pyro-technic device) is welded. Extended corrosion and a partial separation of the weld may cause a high resistance or an open circuit condition to occur, potentially resulting in pretensioner inadvertent deployment. Inadvertent pretensioner deployment will result in the seatbelt being locked in position, no longer able to extend or retract as designed, which may result in injury in the event of a crash. 11 minor injuries were reported due this failure. Most injuries were bruising to the torso area caused by the rapid tightening of the seatbelt during an inadvertent deployment. On February 9, 2024, Ford filed recall 24V099 for certain MY 2018-2020 Ford Expedition and Lincoln Navigator vehicles with production dates between October 1, 2018, and June 30, 2019. The recall remedy provides the replacement of both front seatbelt retractors if found to have a production date code within the suspect production date range. In view of the recall action being taken by Ford, ODI is closing this Preliminary Evaluation. The agency reserves the right to take additional action if warranted by future circumstances. To review the reports cited in the Closing Resume ODI Report Identification Number document, go to NHTSA.gov.",522
PE24012,2024-04-25,2025-01-17,Collisions Involving Ford BlueCruise,"On April 25, 2024, NHTSA’s Office of Defects Investigation (ODI) opened a Preliminary Evaluation (PE24012) to assess BlueCruise, a partial driving automation system available on certain vehicles manufactured by Ford Motor Company (Ford). NHTSA opened the investigation after the agency received notice of two fatal collisions involving BlueCruise-equipped Ford Mustang Mach-E vehicles. Based on the incidents, NHTSA scoped the investigation to 2021-2024 Mustang Mach-E vehicles equipped with BlueCruise. In June 2024, ODI sent an Information Request (IR) letter to Ford requiring that it provide certain information pertaining to crashes, non-crash reports, and technical specifications that relate to BlueCruise, as well as other Ford partial driving automation systems that offer lane and speed maintenance. In its response to ODI’s IR, Ford stated that there are 2,539,962 Ford and Lincoln vehicles (including subject and peer vehicles) equipped with a partial driving automation system within the scope of the request. The majority of these vehicles are equipped with a system that Ford calls Lane Centering Assist (LCA), which is a hands-on partial driving automation system that combines longitudinal control authority governed by Adaptive Cruise Control (ACC) and lateral control authority governed by a steerable path. LCA is offered on a wide range of Ford and Lincoln models beginning in model year 2019. Vehicles that are equipped with BlueCruise, the focus of this investigation, have LCA capability and additionally offer hands-free partial driving automation when certain conditions are met. Hands-free BlueCruise operation is only offered on certain roadways and system availability is geofenced using vehicle GPS. BlueCruise-equipped vehicles employ a camera-based driver monitoring system to determine driver attentiveness to the roadway. BlueCruise was introduced in model year 2021 and is currently available in a select range of Ford and Lincoln vehicles. For BlueCruise- and LCA-equipped vehicles, both ACC and Pre-Collision Assist (PCA) features use a combination of camera and radar sensing technologies to detect and classify objects. ACC is specifically designed to detect vehicles (including cars, trucks, and motorcycles) and bicycles in front of the subject vehicle which are either stationary or moving in the same direction as the subject vehicle. Through this investigation, limitations in the detection of stationary vehicles in certain conditions have been identified. Specifically, due to the potential for false detection of stationary objects at long distances, Ford designed ACC to inhibit any response to reported stationary objects when the subject vehicle’s approach speed is at or above 62 mph. Additionally, system performance may be limited when there is poor visibility due to insufficient illumination. In addition to reviewing Ford’s response to ODI’s IR, the agency conducted a review of crash and non-crash reports identified collectively through Ford’s IR response, incident reporting through Standing General Order 2021-01 (SGO), and NHTSA vehicle owner questionnaires. In total, 32 crashes and 2,004 non-crash reports on subject and peer Ford vehicles were identified across manufacturer and ODI data sources. A detailed analysis of each crash was conducted including the review of any available police reports, photographs, data recovered from in-vehicle event data recorders, connected vehicle data, and/or other information. In both fatal collisions referenced in the PE24012 opening resume, the subject Ford Mustang Mach-E vehicle was traveling over 70 mph on a controlled-access highway during nighttime lighting conditions with hands-free BlueCruise engaged when it collided with a stationary vehicle. Analysis of data imaged from the vehicles’ event data recorders demonstrates that in each incident, the driver did not apply the brakes or take evasive steering action, and no deceleration was initiated by either the BlueCruise system or PCA prior to impact. Through the agency’s crash analysis, four additional frontal collisions were identified where the subject Ford impacted a stopped or slow-moving lead vehicle or another stationary object located in the travel lane. Two of these four incidents involved BlueCruise-equipped Ford Mustang Mach-E vehicles (included in the failure report summary along with the fatal collisions discussed above), while the other two involved other Ford models equipped with the LCA system. Additionally, a trend was identified through analysis of the non-crash reports relating to allegations that ACC (the longitudinal component of both BlueCruise and LCA) failed to detect and/or respond to a stopped or slow-moving lead vehicle. In these reports, consumers often describe that the absence of deceleration initiated by ACC was unexpected and required harsh manual braking or intervention from the PCA to avoid a frontal collision with the lead vehicle. Based on NHTSA’s analysis, system limitations relating to the detection of stationary vehicles while traveling at highway speeds and in nighttime lighting conditions appear to be factors in collisions under investigation and several apparently similar near-miss, non-crash reports. This Preliminary Evaluation is being upgraded to an Engineering Analysis (EA25001) to further investigate these system limitations and to evaluate drivers’ ability to respond to scenarios that exceed system limitations. During the EA, the agency expects to, among other things, perform vehicle evaluations, review additional technical information, and perform additional analysis of related crashes and non-crash reports. The crashes included in the failure report summary can be found at NHTSA.gov under the following SGO report identification numbers: 502-7268, 502-7426, 502-6852, 502-8738.",522
PE24019,2024-07-29,2025-09-19,Low-pressure fuel pump failure,"On July 29, 2024, the Oﬃce of Defects Investigation (ODI) opened PE24019 to investigate complaints of low-pressure fuel pump failures in MY 2021 Ford Bronco vehicles. Some consumers reported that the failure occurred without warning while driving, resulting in a complete loss of motive power with no ability to restart the engine. Ford determined that several other vehicle models contain low-pressure fuel pumps substantially similar to the 2021 Ford Bronco, including the 2022-2023 Ford Bronco, 2018-2023 Ford F-150, 2022-2023 Ford Expedition, 2019-2023 Lincoln Navigator, 2020-2023 Ford F-250-F-550, 2024 Ford Super Duty Chassis Cab, 2024-2025 Ford Ranger, 2020-2023 Ford Explorer, 2020-2023 Lincoln Aviator, and 2021-2025 Ford Mustang. ODI's investigation found that the aﬀected vehicles may lose fuel pressure and ﬂow from the fuel delivery module (consisting of a low-pressure fuel pump, jet pump, reservoir, and other parts) due to a low-pressure pump failure. This can cause the engine to stall while driving. The root cause is reduced internal clearance in the fuel pump, increasing friction and sensitivity to vapor lock. Fuel blockage from contamination inside the jet pump also contributed to the failure. Ford stated that the contamination source was unknown. On July 7, 2025, Ford ﬁled recall 25V-455 for certain 2021-2023 Ford F-550 SD/F-450 SD/F-350 SD/F-250 SD, 2021-2022 Lincoln Navigator, 2021-2022 Ford Mustang, 2021-2022 Ford F-150, 2021-2023 Ford Explorer, 2022 Ford Expedition, and 2021-2023 Ford Bronco vehicles produced between July 1, 2021, and July 30, 2022. The recall also included certain 2021-2023 Lincoln Aviator produced between July 1, 2021, and December 21, 2022. Ford explained in its recall filingthat the production dates used for the recall were based on changes in the manufacturing process. Specifically, Ford determined that in June 2021, the supplier modified the jet pump manufacturing process, producing fuel pump chambers with a lower-than-specified internal clearance. In July 2022, the supplier implemented corrective actions to the manufacturing process by adding two additional vacuum pumps to reduce contamination during the production of the jet pump. ODI has identified approximately 1,000 reports involving vehicles covered in this investigation but excluded from recall 25V-455. However, even with such reports, these vehicles experienced comparatively lower failure rates than the vehicles that are subject to Recall 25V-455. Ford has explained that these vehicles were excluded from the recall population because they did not experience the manufacturing changes that prompted the recall. Specifically, according to Ford, vehicles built before July 1, 2021 (the recall production start date), were not affected by the supplier’s change to the jet pump manufacturing process. Even after closing this investigation, ODI will continue to monitor complaints for vehicles excluded from recall 25V-455 to consider whether they exhibit the same risks as the vehicles encompassed by the recall. The recall remedy is currently under development. In view of Ford’s recall action, ODI is closing this Preliminary Evaluation, but will continue to monitor the issue as a remedy is developed and implemented. ODI will take additional action if warranted by future circumstances. To review the reports cited in the Closing Resume ODI Report Identiﬁcation Number document, go to NHTSA.gov.",522
PE25004,2025-04-29,2026-03-11,Windshield Wiper Failure,"On April 29, 2025, NHTSA’s Office of Defects Investigation (ODI) opened this Preliminary Evaluation (PE25004) to investigate inoperative windshield wipers in model year (MY) 2024-2025 Kia EV9 vehicles. The complaints report windshield wipers that malfunction while driving, when snow and/or ice accumulates on or at the bottom of the windshield or in the cowl. ODI further received videos and photographs that depict relatively small amounts of snow and/or ice accumulation that leads to the wipers’ malfunction. Inoperative windshield wipers could reduce driver visibility during inclement weather and increase the risk of a crash. ODI identified 7 Vehicle Owners Questionnaires (VOQs) related to this investigation. Five VOQs describe inoperative windshield wipers due to snow and/or ice accumulation. Two other VOQs describe other malfunctioning windshield wipers including snow build-up on the blades and an odor of overheating. The wipers are equipped with thermal overload protection designed to limit overheating of the wiper motor. Further, consumers describe windshield wipers that temporarily stop working when they are not able to clear the windshield. This may happen when the wipers stop before the parked position in the cowl at the bottom of the windshield. In January 2026, Kia informed ODI that it will conduct a Product Improvement Campaign with owner notification for approximately 47,000 MY 2024-2026EV9 vehicles.The campaign includes a hardware change to the passenger-side wiper arm and an Owner’s Manual revision. The replacement wiper arm will be a different shape and angle that increase the space/clearance between the cowl and the wiper. The Owner’s Manual revision will emphasize the importance of snow removal prior to driving, and it will recommend that drivers place the wipers in service mode when the vehicle is parked outdoors, and snow is forecasted. In addition, Kia is planning to develop pop-up cluster warnings that will be temperature-dependent, and they will remind owners to clear snow/ice pre-drive and to place the wipers in service mode post-drive. In view of Kia’s field action, ODI is closing this Preliminary Evaluation. ODI will take additional action if warranted by future circumstances.To review the ODI reports cited in the Closing Resume ODI Report Identification Number document, go to NHTSA.gov.",522
PE25008,2025-08-20,,Engine failure,"The Office of Defects Investigation (ODI) has received 414 reports of connecting rod bearing failures in the 3.5L V6 engine used in the following vehicles: Model Years (MY) 2018-2020 Acura TLX, MY2016-2020 Acura MDX, MY2016-2020 Honda Pilot, MY2018-2020 Honda Odyssey, and MY2017-2019 Honda Ridgeline.  The subject engine failures were analyzed as part of a Recall Query (RQ24013).  It was determined that these engine failures are outside the scope of Honda Recall 23V-751. Further, evidence gathered in conjunction with RQ24013 does not suggest this failure is caused by the same crankshaft manufacturing defect that is addressed by Honda in Recall 23V-751.  Based on analysis of data from RQ24013, NHTSA has closed that investigation. The significant number of reports of engine failure in vehicles outside the scope of RQ24013 presents a potential safety risk that warrants further investigation.  ODI is opening this Preliminary Evaluation (PE) to further evaluate the scope and severity of the potential problem and to fully assess the potential safety-related issues.  To review the ODI reports cited in the Opening Resume ODI Report Identification Number document, go to NHTSA.gov.",522
PE25018,2025-10-28,2026-06-25,Inadvertent Deployment of Side Air Bags,"On October 28, 2025, the Office of Defects Investigations (ODI) opened PE25018 to investigate complaints of inadvertent deployment of the side curtain and/or side thorax air bags. These complaints concern model year (MY) 2018-2022 Honda Odyssey vehicles manufactured by American Honda Motor Co. (Honda). Honda issued recall 26V227 on April 9, 2026, to address concerns of inadvertent side air bag deployment. In the recall filing, the company stated that “[a]s of April 2, 2026, Honda has had 130 warranty claims, 25 reports of an injury, and no reports of death related to this issue from January 24, 2017 – April 2, 2026.” Honda states that the Supplemental Restraint System (SRS) Electronic Control Unit (ECU) contains incorrect deployment parameters for the side thorax and side curtain air bags, which may cause inadvertent deployment when the vehicle encounters strong road impacts, such as driving over potholes, speed bumps, or road debris. Honda stated that the SRS control logic for the second and third rows of seating contained an insufficient deployment threshold margin, allowing signal inputs to be misinterpreted as side impacts and causing inadvertent deployment of the side thorax and side curtain air bags. Recall 26V227 states that dealers will reprogram or replace the SRS ECU with improved air bag deployment parameters. Consumers received notice of this recall in late May 2026. In view of the recall being conducted by Honda, ODI is closing this Preliminary Evaluation (PE). The Agency reserves the right to take additional action if warranted by future circumstances. To review the ODI reports cited in the Closing Resume ODI Report Identification Number document, go to NHTSA.gov.",522
PE26002,2026-03-02,,Loss of Power Steering Assist,"The Office of Defects Investigation (ODI) has received 19 Vehicle Owner Questionnaires (VOQs) alleging an intermittent or complete failure of the power steering assist system in certain Model Year (MY) 2022-2023 RAM ProMaster 1500, 2500, and 3500 vehicles. Failure of the power steering assist system can result in increased steering effort required to control the vehicle. An increase in steering effort can potentially lead to a loss of directional control of the vehicle. Several received reports allege failures of the steering rack with specific reports citing water intrusion into the electrical connectors of the electric power steering control module. ODI is opening this Preliminary Evaluation (PE) to assess the scope and root cause of potential defects in 2022-2023 RAM ProMaster steering systems. To review the ODI reports cited in the Opening Resume ODI Report Identification Number document, go to NHTSA.gov.",522
PE26003,2026-05-06,,"Automated Driving System (ADS) conflict avoidance, driving behavior competence and assertiveness","The Office of Defects Investigation (ODI) has received several reports of crashes involving automated vehicles (AVs) equipped with the Avride automated driving system (ADS) engaged at the time of the crash. The crashes occurred in Dallas, Texas and Austin, Texas. Each of the crashes involved the competence of the ADS with respect to performing at least one of the following driving behaviors: changing lanes, responding to other vehicles present in or entering the lane ahead, and responding to stationary objects partially obstructing the lane ahead. ODI has performed a preliminary review of videos of each crash. The videos show instances of the AVs changing lanes into the path of or directly into other vehicles traveling in an adjacent lane and in close proximity to an AV; failing to slow or stop for slow-moving or stopped vehicles in the lane and path ahead; failing to slow for or avoid vehicles entering the lane and path ahead; and striking stationary objects partially obstructing the lane and path ahead. These crashes have resulted in property damage and one alleged minor injury. During each of these crashes, the AVs were operating with the ADS performing the dynamic driving task while under the supervision of an in-vehicle operator in the driver's seat. Furthermore, ODI understands that Avride is operating some of its AVs on the Uber ride-hailing platform and has offered passenger service to the public since December 3, 2025 in Dallas where many of the reported crashes have occurred. The ADS performance in these crashes may indicate inappropriate assertiveness and insufficient competence to execute these driving behaviors in a safe manner and may also constitute traffic safety violations. ODI has opened this Preliminary Evaluation to investigate the performance of the Avride ADS in order to determine the scope, nature and severity of the potential problems and to assess the potential safety risks to passengers and other road users. This will include an assessment of technical and operational contributing factors and safeguards already in place, as well as any mitigating actions taken subsequent to a crash. If additional evidence received during this investigation implicates the competence of the Avride ADS with respect to other driving behaviors, these may be considered as part of this investigation as well. The SGO reports cited in this Opening Resume are listed below by report ID and are available for download at NHTSA.gov/laws-regulations/standing-general-order-crash-reporting. 31101-13612-1 31101-13612-2 31101-13612-3 31101-13616-1 31101-13621-1 31101-13624-1 31101-13625-1 31101-14066-1 31101-14070-1 31101-14148-1 31101-14150-1 31101-14166-1 31101-14200-1 31101-14235-1 31101-14286-1 31101-14328-1 31101-14509-1 31101-14653-1",522
RQ21002,2021-08-03,,Rearview Camera FMVSS 111 Noncompliance,"On September 23, 2020, Ford Motor Company (Ford) filed a noncompliance recall report under 49 CFR Part 573 (NHTSA Recall No. 20V-575), recalling 620,246 Model Year (MY) 2020 Ford F-150, F-250, F-350, F-450, F-550, Explorer, Mustang, Transit, Expedition, Escape, Ranger and Edge, and Lincoln Nautilus and Corsair vehicles for a noncompliance with Federal Motor Vehicle Safety Standard (FMVSS) 111, Rear Visibility. Ford's recall described the noncompliance as insufficient electrical conductivity within the printed circuit board (PCB) internal to the camera leading to intermittent rearview camera operation. The supplier of the cameras was Magna Electronics.According to Ford's chronology in the Part 573, during the period February-April 2020, Ford identified and monitored warranty claims pertaining to intermittent or inoperative rearview cameras. Ford reviewed supplier product changes, focusing on changes introduced by the supplier in the October-November 2019 time frame. The Part 573 stated that the issue was brought to Ford's Critical Concerns Review Group (CCRG) for review on May 12, 2020.On July 7, 2020, NHTSA's Vehicle Research and Testing Center (VRTC) informed the Office of Defects Investigation (ODI) of a trend of MY 2020 Escape vehicles with rearview camera malfunctions. ODI contacted Ford the next day, providing five Vehicle Owner Questionnaires (VOQs) alleging inoperative rearview cameras. On July 15, 2020, Ford met with NHTSA to discuss the rearview camera issue. In a subsequent August 24, 2020 meeting, ODI and NHTSA's Office of Vehicle Safety Compliance (OVSC) met with Ford to discuss the recall status and additional VOQs. Ford presented rate and scope data for many of its MY 2020 products during the August 2020 meeting indicating high failure rates for certain models.This RQ is being opened to investigate both the timeliness and scope of Ford's rearview camera recall (20V-575), and Ford's compliance with reporting requirements.The subject reports referenced in the opening resume are identified by the following ODI reference numbers which can be reviewed at NHTSA.gov: 11349813, 11344126, 11342696, 11341486, 11340254, 11337274, 11331444, 11330875, 11329235, 11316960, 11343521, 11341884, 11337226, 11344018, and 11339573.",522
RQ22005,2022-12-02,2023-05-26,Windshield Wiper Failure,"On August 15, 2022, Hyundai Motor America (Hyundai) filed a safety recall (NHTSA Recall 22V-627) of 122,919 model year (MY) 2020-2021 Hyundai Palisade vehicles produced from April 10, 2019 to November 30, 2020. This recall addressed windshield wipers that may function intermittently or stop functioning when impeded by the accumulation of snow and/or ice at the bottom of the windshield. Intermittent or inoperative windshield wipers could reduce driver visibility while operating the vehicle in inclement weather, increasing the risk of a crash.On December 2, 2022, the Office of Defects Investigation (ODI) opened this Recall Query (RQ) after receiving 6 consumer complaints alleging windshield wiper failures while driving during wintry precipitation in MY 2021-2023 Hyundai Palisade vehicles (subject vehicles). These vehicles were excluded from Recall 22V-627. At the time of opening the RQ, the root cause and recall remedy were still unknown and under investigation. Thus, the RQ was opened to assess the scope and remedy of Recall 22V-627.In its February 10, 2023 response to ODI's information request on the RQ, Hyundai provided 17 customer complaints and 75 warranty claims related to the alleged defect in the subject vehicles. Hyundai stated that the wiper systems in the subject vehicles are equipped with a different wiper motor design than the earlier-built Palisade vehicles included in Recall 22V-627. Hyundai also stated it does not believe there is an unreasonable risk to motor vehicle safety in the wiper system in subject vehicles.On March 17, 2023, Hyundai filed a new safety recall (NHTSA Recall 23V-180) of 167,085 MY 2021-2023 Palisade vehicles produced from December 1, 2020 to November 22, 2022 when a design change was implemented. The design change, as well as the recall remedy (for both Recalls 22V-627 and 23V-180), is a redesigned driver-side wiper arm that allows for additional snow accumulation between the wiper arm and the cowl, thus reducing the load on the wiper motor and circuit breaker activation.In view of the recall action being taken by Hyundai, ODI is closing this RQ. The agency reserves the right to take additional action if warranted by future circumstances.The ODI complaints cited above can be viewed at NHTSA.gov under the following ODI identification numbers:11521365, 11517359, 11512295, 11509965, 11509253, 11508868, 11502146, 11501278, 11497343, 11494119, 11458548, 11450975, 11450045, 11449381, 11443330.",522
RQ23002,2023-06-20,2024-02-15,Rear Axle Bolt Failure,"On July 17, 2023, the Office of Defect Investigation (ODI) opened this Recall Query (RQ) after receiving 2 consumer complaints alleging loss of vehicle forward power and/or loss of transmission torque of the rear wheels in model year (MY) 2020-2022 Ford Explorer vehicles (subject vehicles). The RQ was opened to focus on the effectiveness of the remedies of Recalls 22V-255 and 23V-199 related to the alleged problem. Recall 22V-255 involved replacing the bushing and axle cover in the following subject vehicles: 3.3L FHEV Police built before October 14, 2020, and 3.3L Gas Police vehicle built before January 31, 2021. For 2.3L RWD, 3.0L PHEV, 3.3LFHEV, and 3.0LST retail (non-police) vehicles, the recall provided an PCM software update to engage the Electronic Park Brake (EPB) when Park is commanded. The recall addressed a breakage of the rear axle bolt that can cause the driveshaft/half shafts to disconnect, resulting in a loss of transmission torque to the rear wheels necessary to hold park. If the parking brake is not applied, the loss of the primary park torque will allow the vehicle to roll in park increasing the risk of crash and injury. Recall 23V-199 addressed 674 of the subject vehicles produced from February 2, 2019 to April 4, 2022, which received an incorrect remedy under Recall 22V-255. The affected vehicles had received a previous Powertrain Control Module (PCM) update which did not include an automatic EPB engagement when vehicle is shifted to park. On October 17, 2023, Ford filed a new safety recall (Recall 23V-675) covering 238,364 MY 2020-2022 Explorer vehicles with the following powertrains: 3.3L FHEV Police, 3.3L Gas Police, 3.0L Gas Police, 2.3L RWD, 3.0L PHEV, 3.3L FHEV, 3.0L RWD and 3.0L AWD, produced from October 22, 2018 to July 6, 2022, equipped with a 3-point mounted axle design. Ford stated that the cause of the bolt fracture is due to joint design not robust to peak axle input torques and manufacturing variability. The primary contributor is insufficient bearings for maximum joint loads. This can result in bearing deformation, increasing bending stress on the bolt, which may lead to fatigue failure. On January 19, 2023, Ford amended Recall 23V-675 to add 1,942 MY 2020-2022 Explorer vehicles with the following powertrain: 3.0L RWD Platinum and King Ranch variant, produced from October 22, 2018 to July 6, 2022, equipped with a 3-point mounted axle design. In addition to the safety recall, Ford will conduct a customer satisfaction program for the following MY 2020-2022 Explorer vehicles with the following powertrains: 2.3L AWD, 3.3L Gas Retail, 3.0L Gas AWD Platinum and King Ranch, produced from October 22, 2018 to July 6, 2022. Ford stated that the Explorer powerpack variants not covered under Recalled 23V-675 do not present an unreasonable risk to motor vehicle safety due to the combination of lower peak torque levels and torque management strategies to share inputs between front and rear axles, reducing occurrence of higher torque.  According to Ford, this is also evidenced by the lower current and projected failure rates. In view of the recall action being taken by Ford, ODI is closing this RQ. NHTSA will continue to monitor complaints from the customer satisfaction program vehicles and reopen this issue, if necessary. The agency reserves the right to take additional action if warranted by future circumstances. To review the reports cited in the Closing Resume ODI Report Identification Number document, go to NHTSA.gov.",522
RQ23004,2023-08-17,2023-12-06,High Voltage Battery Contactor Failure,"On August 17, 2023, the Office of Defects Investigations (ODI) opened RQ23-004 to investigate instances of loss of motor power due to overheating high voltage battery contactors in model year (MY) 2021-2022 Ford Mustang Mach-E vehicles (subject vehicles). This Recall Query (RQ) was opened after receiving 12 consumer complaints alleging a high voltage battery main contactor failure in subject vehicles that were included in Recall 22V-412 and remedied prior to the reported incidents. The remedy in 22V-412 was a Secondary On-Board Diagnostic Control Module (SOBDMC) software update to monitor contactor temperature and reduce battery power to prevent damage to the contactor, and a Battery Energy Control Module (BECM) software update to monitor contactor resistance to identify an overheated contactor and reduce vehicle power to prevent further damage. On October 13, 2023, Ford filed Recall 23V-687 of 34,762 2021-2022 Ford Mustang Mach-E vehicles produced from May 27, 2020 to May 24, 2022 with recalled Bussed Electrical Center parts NK48-10C666-AA, NK48-10C666-BA, or LK98-10C666-AB. Affected vehicles are equipped with the extended range battery. Ford stated that preexisting damage to the contactors caused by heat and accumulated wear may reduce the effectiveness of the software update remedy in 22V-412. The remedy of 23V-687 is to complete a replacement of the Bussed Electrical Center, or High Voltage Battery Junction Box. In addition, Ford stated that subject vehicles equipped with standard range batteries, in comparison to vehicles equipped with extended range batteries, are less at risk of experiencing this failure due to their smaller battery capacity and lower output electric drive motors. In view of the recall action taken by Ford, ODI is closing this investigation. ODI will continue to monitor reports of this failure in both extended range and standard range models. The Agency reserves the right to take additional action if warranted by future circumstances. To review the ODI reports cited in the Closing Resume ODI Report Identification Number document, go to NHTSA.gov.",522
RQ24013,2024-11-08,2025-08-20,Engine failure,"On November 8, 2024, the Office of Defects Investigation (ODI) opened Recall Query RQ24013 to assess the scope of Honda recall 23V-751 after receiving complaints that alleged connecting rod bearing failures in vehicles that were not within the scope of recall 23V-751. In November 2023, Honda recalled 248,999 various Model Year (MY)2016–2020 Honda and Acura vehicles equipped with the 3.5L V6 engine. Honda recalled these vehicles due to a crankshaft manufacturing defect that caused premature connecting rod bearing wear and engine seizure. While the out-of-scope failures involved in these complaints appear to have a very similar failure mechanism as the recalled engines, a thorough analysis of all available data from Honda has not indicated that the same manufacturing defect exists in the out-of-scope engines as the engines recalled by 23V-751. Based on this analysis ODI has determined that Honda has properly defined the scope of recall 23V-751. Consequently, ODI will close this RQ investigation.  NHTSA will continue to investigate these complaints of engine failure as part of a new Preliminary Evaluation Investigation (PE25008). The Agency reserves the right to take additional action if warranted by new circumstances.",522
