nhtsa_id,component,source_id
11037291,ELECTRICAL SYSTEM,523
11037291,SERVICE BRAKES,523
11037291,UNKNOWN OR OTHER,523
11037301,FUEL/PROPULSION SYSTEM,523
11037308,ELECTRICAL SYSTEM,523
11037308,FUEL/PROPULSION SYSTEM,523
11037308,UNKNOWN OR OTHER,523
11037310,ELECTRICAL SYSTEM,523
11037310,UNKNOWN OR OTHER,523
11037336,STRUCTURE:BODY,523
11037340,UNKNOWN OR OTHER,523
11037341,UNKNOWN OR OTHER,523
11037350,ELECTRICAL SYSTEM,523
11037350,STRUCTURE:BODY,523
11037351,SUSPENSION,523
11037354,ENGINE,523
11037355,SERVICE BRAKES,523
11037366,ELECTRICAL SYSTEM,523
11037378,UNKNOWN OR OTHER,523
11037378,VEHICLE SPEED CONTROL,523
11037416,ELECTRICAL SYSTEM,523
11037416,UNKNOWN OR OTHER,523
11037417,ELECTRICAL SYSTEM,523
11037417,FUEL/PROPULSION SYSTEM,523
11037417,POWER TRAIN,523
11037417,UNKNOWN OR OTHER,523
11037419,ELECTRICAL SYSTEM,523
11037419,UNKNOWN OR OTHER,523
11037428,FUEL/PROPULSION SYSTEM,523
11037461,ELECTRICAL SYSTEM,523
11037461,STRUCTURE:BODY,523
11037473,STRUCTURE:BODY,523
11037474,STRUCTURE:BODY,523
11037505,ENGINE,523
11037508,STRUCTURE:BODY,523
11037511,ELECTRICAL SYSTEM,523
11037511,FUEL/PROPULSION SYSTEM,523
11037511,UNKNOWN OR OTHER,523
11037531,ELECTRICAL SYSTEM,523
11037532,ELECTRICAL SYSTEM,523
11037533,EXTERIOR LIGHTING,523
11037536,ELECTRICAL SYSTEM,523
11037537,ELECTRICAL SYSTEM,523
11037537,STRUCTURE:BODY,523
11037537,SUSPENSION,523
11037537,UNKNOWN OR OTHER,523
11037559,POWER TRAIN,523
11037561,ELECTRICAL SYSTEM,523
11037561,EXTERIOR LIGHTING,523
11037561,UNKNOWN OR OTHER,523
11037573,POWER TRAIN,523
11037579,STRUCTURE:BODY,523
11037582,ELECTRICAL SYSTEM,523
11037586,ELECTRICAL SYSTEM,523
11037592,STRUCTURE:BODY,523
11037665,EXTERIOR LIGHTING,523
11037671,SUSPENSION,523
11037671,UNKNOWN OR OTHER,523
11037671,VEHICLE SPEED CONTROL,523
11037676,SEAT BELTS,523
11037782,ELECTRICAL SYSTEM,523
11037782,FORWARD COLLISION AVOIDANCE: ADAPTIVE CRUISE CONTROL,523
11037782,UNKNOWN OR OTHER,523
11037844,ELECTRICAL SYSTEM,523
