nhtsa_id,document_id,communication_type,communication_date,date_added,replacement_bulletin_number,mfr_campaign_id,mfr_component_system,mfr_component_subsystem,summary,source_id
11037291,ITRM-26.DC F-150,Over The Air,2026-09-09,2026-09-11,,ITRM-26.DC,,,26C10 Recall remedy  -Addresses instances where the trailer lights and trailer brakes may not function,523
11037301,ATI&09102026901,Other,2026-09-11,2026-09-12,,,,,"Dealer Message - American Honda Motor Co., Inc. (AHM) is searching for certain 2026-2027 Passports with a customer complaint of a noise coming from the exhaust while driving. The noise can be described as rattling, grinding, scraping, whining, humming, buzzing, etc. To better understand the cause of this condition, AHM would like to collect information from the vehicle prior to you attempting a repair of any kind.",523
11037308,PCM-26.2.11.3 Bronco,Over The Air,2026-09-09,2026-09-14,,PCM-26.2.11.3,,,25S75 Recall remedy -Powertrain Control Module update to introduce logic to prevent low pressure fuel pump binding and maintain fuel flow to the engine.,523
11037310,SYNC-26.2.8.5 F-150,Over The Air,2026-09-09,2026-09-14,,SYNC-26.2.8.5,,,26C37 Recall remedy Prevents a potential rearview camera image obstruction caused by a menu displaying on top of it,523
11037336,23-037-26,Service Bulletin/Repair Instructions,2026-09-09,2026-09-17,,,,,Rearview Mirror Bracket Delamination Customers may experience the following: SYMPTOM: ● Rearview mirror has detached and is hanging from windshield. NOTE: Rearview mirror can become detached with minimal force applied. This bulletin involves inspecting the rearview mirror bracket adhesion and possibly replacing the windshield.,523
11037340,114537,Service Bulletin/Repair Instructions,2026-09-10,2026-09-17,,,,,EVAPORATOR - AIR CONDITIONING,523
11037341,114538,Service Bulletin/Repair Instructions,2026-09-10,2026-09-17,,,,,EVAPORATOR - AIR CONDITIONING,523
11037350,9100905,Service Bulletin/Repair Instructions,2026-09-10,2026-09-17,,,,,"Passive Entry O/S Dr Handle Prior to replacing an inoperative passive entry door handle, perform Star Online S2623000040.",523
11037351,9100897Rev1,Service Bulletin/Repair Instructions,2026-09-10,2026-09-17,,,,,"Qudra Lift Reman Compressor Excessive Repairs on Quadra Lift Reman Compressors Part Numbers: 68041137AF / R8572790AA / 68087233AA / 52124932AE / 52124934AE / 68064343AC Purpose The Star Parts Catalog has been updated to support component-level repair of the Quadra-Lift air suspension system. Replace only the component confirmed failed through diagnostics. Avoid replacing the complete assembly when an individual service component can correct the concern. Available Service Components Part Number Description R8572790AA Air Suspension Compressor 68087233AA Air Suspension Valve Block 52124932AE Front Air Suspension Hose Assembly 52124934AE Rear Air Suspension Hose Assembly 68064343AC Air Suspension Reservoir 68087240AA Temperature Sensor 68041137AF Compressor Assembly Diagnostic Decision Tree Customer Complaint: Service Air Suspension Message / Sagging / Unable to Adjust Ride Height / Compressor Running Continuously.  Step 1: Retrieve and record all DTCs.  C15D9 (Low Air Mass): Perform air mass test, complete system fill, leak-down test, and leak source identification before compressor replacement.  C15A1 (Unable to Obtain Desired Ride Height): Verify ride height, perform leak-down test, inspect valve block, air lines, and air springs.  C1562-98 (Over Temperature): Inspect for excessive compressor run time, leaks, low air mass, and restrictions before condemning the compressor.  If a leak is found, repair the leak and verify operation before replacing the compressor.  If no leak is found, perform compressor functional evaluation.  If moisture is in the lines and valve block, then evacuate or replace lines.  Only replace the compressor when a defect is verified (internal leak, failed solenoid, weak output, seized motor, failed functional test, or electrical failure). Service Component Selection Guide Verified Root Cause Recommended Repair Compressor Internal Failure Replace Compressor Valve Block Failure Replace Valve Block Air Line Leak Replace Air Line Air Spring Leak Replace Air Spring Temperature Sensor Failure Replace Temperature Sensor Technician Reminder Replace only the component confirmed failed through diagnostics. In many cases, compressor replacement is not required when the root cause is an air leak, valve block issue, airline concern, or sensor fault.",523
11037354,S2609000011,Service Bulletin/Repair Instructions,2026-09-11,2026-09-17,,,,,MIL-On and/or Engine Oil Leak,523
11037355,S238A000038 REV.D,Service Bulletin/Repair Instructions,2026-09-11,2026-09-17,,,,,Auto Emergency Braking (AEB) Unavailable – Service Required Message In Cluster,523
11037366,OTHERDOC_175,Other,2026-09-08,2026-09-17,,,,,Radio Over The Air Update to U43.17 R1H Software  Version (FOTA) Customers may experience one or more of the following:- Navigation Stability - Android Auto & Carplay stability & connectivity- Air suspension- Trailer Tow pages- Power management app- Distorted/glitchy display prior to start‑up animation- Text appearance display- Widget incorrect display- Turn signal blind spot response timing- Audio cut out - Drive Modes selection- Park assist Guidelines selctio,523
11037378,CSR-3319,Service Bulletin/Repair Instructions,2026-09-18,2026-09-18,,CSR-3319,,,"Altec Industries, Inc. has been notified by Daimler Truck that a condition related to operation or customer satisfaction exists in certain 2026 Freightliner 108SD, 114SD, M2, and Western Star 47X vehicles equiped with Altec equipment. Due to a software integration delay, certain vehicles ordered with Detroit Assurance were not equipped with Automatic Cruise Control (ACC).",523
11037416,ECG-26.2.12.3 F-150LtMac,Over The Air,2026-09-16,2026-09-21,,ECG-26.2.12.3,,,Quality improvements include: -ePrivacy enhancements,523
11037417,PCM-26.10.3 Bronco,Over The Air,2026-09-10,2026-09-21,,PCM-26.10.3,,,25S75 Recall remedy -Powertrain Control Module update to introduce logic to prevent low pressure fuel pump binding and maintain fuel flow to the engine.,523
11037419,"TCU-26.2.12.2.2 Mach E, F",Over The Air,2026-09-16,2026-09-21,,TCU-26.2.12.2.2,,,Quality improvements include: -Addresses a bug that may cause updates to fail,523
11037428,ATI&09142026903,Other,2026-09-14,2026-09-21,,,,,"Dealer Message - American Honda Motor Co., Inc. (AHM) is searching for certain 2026-2027 Passports with a customer complaint of a noise coming from the exhaust while driving. The noise can be described as rattling, grinding, scraping, whining, humming, buzzing, etc. To better understand the cause of this condition, AHM would like to collect information from the vehicle prior to you attempting a repair of any kind.",523
11037461,08-069-26 REV. B,Service Bulletin/Repair Instructions,2026-09-18,2026-09-23,,,,,"Flash: Power Liftgate Module (PLGM) Updates Customers may experience one or more of the following symptoms: SYMPTOM: ● **Continuous chime is heard in the trunk area and does not stop with closing the liftgate, ignition shut off or CAN bus going to sleep. ● Vehicle may not start because the battery has become depleted due to: ○ Noise on the CAN bus. ○ Liftgate left open for more than few hours. ○ Continuous chime. ● Power Liftgate is not responding when first attempting to open after vehicle has sat for an extended period of time. ● Customer is unable to open the liftgate.** ● Power Liftgate does not open using the front interior switch, key fob, Hands Free Entry (HFE) kick or exterior handle. The Instrument Panel Cluster (IPC) may display ""Liftgate Open"", a warning light may illuminate even though the liftgate appears fully closed, and an audible chime may be generated at speeds above 8 kph (5 mph). ● The power liftgate system chimes when trying to operate the liftgate using a HFE kick while no key is detected in the zone. ● After enabling or disabling the HFE kick or the Power Liftgate Alert feature, the PLGM does not save the changes. ● The power liftgate latch releases after pressing the exterior handle switch, but the liftgate does not power open. This bulletin involves inspecting and possibly reprogramming the PLGM with the latest available software.",523
11037473,114509,Service Bulletin/Repair Instructions,2026-09-14,2026-09-23,,,,,RAIL KIT – LUGGAGE AND REMOVABLE,523
11037474,114508,Service Bulletin/Repair Instructions,2026-09-14,2026-09-23,,,,,RAIL KIT – LUGGAGE AND REMOVABLE,523
11037505,B121126,Service Bulletin/Repair Instructions,2026-09-09,2026-09-28,,,,,"Potential customer complaints with no fault codes stored / No MIL displayed. 1. “Rough idle after idling for a longer period of time” 2. “Vehicle feels like it is misfiring at idle” The automatic Start/Stop function is deactivated. The vehicle is stopped and the engine runs at idle speed. After prolonged idle operation (approximately 30 to 50 seconds), a slight jolt or slight change in idlespeed may be noticeable. There are no relevant errors in the DME fault code memory. No mixture control error, no misfiring, no error relating to a relevant component of the drive system. Motor vehicles affected: 1. Only MHEVs (mild hybrid electric vehicle) with crankshaft-driven starter generator. 2. Only vehicles with optional equipment 01CE = recuperation system 3. Affected I-levels: I-level 24-07-500 or higher",523
11037508,B511125,Service Bulletin/Repair Instructions,2026-09-21,2026-09-28,,,,,"When pulling on the hood (highlighted inorange in the top photo) release lever (highlighted in orange in the bottomphoto; driver’s footwell shown ) , there is anoticeable lack of cable tension; and the hoodwill not unlock.",523
11037511,PCM-26.6.3 Bronco,Other,2026-09-15,2026-09-28,,PCM-26.6.3,,,25S75 Recall remedy -Powertrain Control Module update to introduce logic to prevent low pressure fuel pump binding and maintain fuel flow to the engine.,523
11037531,B611826,Service Bulletin/Repair Instructions,2026-09-17,2026-09-28,,,,,"Due to unfavorable software, the Storage Management Electronics (SME) will not show fault codes that trigger the Malfunction Indicator Lamp (MIL) when performing ISTA Service Function ""Display Permanent SAE Fault Codes."" As a result, workshops will have to identify SME-specific permanent SAE (emission related) Diagnostic Trouble Codes (DTCs) stored in the vehicle during diagnosis or when preparing a vehicle for a State Emission Inspection and Maintenance through a workaround procedure.",523
11037532,B630526,Service Bulletin/Repair Instructions,2026-09-08,2026-09-28,,,,,"After programming the vehicle via ISTA/RSUto I-level …26-03-5xx, customer may reportsome of the interior ambient lighting strips(arrows) may begin to fail sporadically after adeep sleep cycle. This concern is temporary and the interiorambient lighting will be restored on its ownafter the vehicle is locked/unlocked or colorselection setting is changed.",523
11037533,B631123,Service Bulletin/Repair Instructions,2026-09-10,2026-09-28,,,,,"Moisture, condensation, and/or fogging are visible in one or both Daytime Running Lights (DRL) upper headlight assemblies.",523
11037536,M651226,Service Bulletin/Repair Instructions,2026-09-21,2026-09-28,,,,,Activation of MINI Personal Assistant is not possible via the Multifunction Steering Wheel (MFL) buttonand/or via the MINI Interaction Unit (MIU). Intelligent voice control via the wake-up word “Hey MINI” is possible.,523
11037537,TSB 26-2380,Service Bulletin/Repair Instructions,2026-09-24,2026-09-29,,,,,"This article supersedes TSB 25-2575 to update the Parts list to add the applicable body wiring harnesses and underbody shield bolts. Some vehicles listed in the Model statement above may exhibit a ""Sta-bar Disconnect Service Required"" message in the instrument panel cluster (IPC) with any of the following diagnostic trouble codes (DTCs) stored in the chassis control module (CHCM): C103A, C1A99, C1B03, C1B07, C1B14 and/or B1A67. This may be due to water intrusion in the stabilizer bar wiring harness connector.",523
11037559,TSB 26-2408,Service Bulletin/Repair Instructions,2026-09-22,2026-09-30,,,,,"This bulletin supersedes 26-2309. Reason For Update: update the Model section to remove Aviator 10R80, update the Parts list to add 3.3L to W520514-S440, and add L1MZ-7Z490-G valve body separator plate for Aviator. Some of the vehicles listed in the Model statement above may exhibit at least one of the following conditions: * Harsh 3-4, 4-5 upshifts * Harsh 5-3, 4-3 downshifts * Harsh reverse engagements These symptoms may be worse when cold. This may be due to the F clutch friction plates brinelling into the clutch and planetary container cylinder (7B177).",523
11037561,SSM 55194,Service Bulletin/Repair Instructions,2026-09-23,2026-09-30,,,,,"Some 2021-2024 Mustang Mach-E, 2025-2026 Navigator and 2024 F-150 vehicles may exhibit inoperative welcome/approach detection lights. This may be due to the body control module (BCM) software. To correct the condition, download and run the ""BCM - Programmable Module Installation (PMI)"" application using the latest software level of the Ford Diagnosis and Repair System (FDRS) scan tool. If the condition persists after PMI, refer to Workshop Manual (WSM), Section 417-01 for normal diagnostics and repair as necessary outside of this article. For claiming, use causal part 15604 and labor operations 12651D and BCM.",523
11037573,21-062-26,Service Bulletin/Repair Instructions,2026-09-25,2026-09-30,,,,,Transmission Rattle Customers may comment on the following: SYMPTOM: ● Rattle noise coming from the transmission. This bulletin involves inspecting and possibly tightening the transmission oil heater mounting nuts to proper specification.,523
11037579,23-048-26,Service Bulletin/Repair Instructions,2026-09-26,2026-09-30,,,,,Not applicable to vehicles built for US market. Multi-function Tailgate Requires High Closing Effort Customers may comment on the following: SYMPTOM: ● Difficulty closing the right-hand Multi-Function Tailgate due to high closing effort. This bulletin involves inspecting and possibly adjusting the Multi-function tailgate.,523
11037582,08-221-26 REV. B,Service Bulletin/Repair Instructions,2026-09-23,2026-09-30,,,,,"R1H Radio U41.10 Software Update - Dealer Option Customers may experience one or more of the following: SYMPTOM: ● **Speakers may emit a humming, screeching, buzzing, clicking, or bass noise (not related to the amplifier).** ● FCW OFF light ON with no DTCs and can't turn off. ● Blank screen and then reboot every 2 minutes and 40 seconds. (Rearview Camera Functions Normally). ● Paddle shifters not working/no longer a setting. ● Autolocks not working. ● Auto headlights not working. ● AM station not working (Appears some of the vehicles PROXI defaults to ""1"" which is absent for AM). ● Album Art flickering issue. ● Blank screen and then reboot every 2 minutes and 40 seconds. ● CarPlay icon disappears from main screen while still active, leaving no navigation path back. ● Light/dark theme mismatch between Radio and temperature screens at key-on Radio experiences lockups, resets, blank screens, and language issues after FOTA. ● Valet mode sends duplicate requests causing HU and vehicle state misalignment. ● Rear seat media page intermittently shows a blank screen. ● Unable to select or drag 'Pitch and Roll' widget on home screen. ● USB playback resumes incorrectly, skipping to next track after reconnect. ● Album art not displayed on HMI despite availability in media. ● Incorrect call timer displayed for conference calls. ● Call status remains 'active' on widget after call ends. ● Second call status not updated on home screen widget. ● Rear entertainment tab intermittently blank when switching apps. ● System crashes for 20 to 30 seconds after voice reply action. ● Media progress bar continues incorrectly after second call acceptance.  ● CarPlay device fails to reconnect automatically or manually. ● Rear HVAC lock/unlock text missing while icon is present. ● Visual glitch observed on Front Passenger Display Module (FPDM) display. ● Surround view camera accessible while driving across apps (unexpected behavior). This bulletin involves inspecting and if required, updating the radio software level to U41.10. Depending on the radio's current software level the radio may need a one or two USB update",523
11037586,08-341-26,Service Bulletin/Repair Instructions,2026-09-24,2026-09-30,,,,,Heads Up Display (HUD) Dimming Too Low Customers may experience one or more of the following: SYMPTOM: ● HUD is very dark and hardly viewable. ● HUD cannot be seen in daytime and very dim at night. This bulletin involves inspecting and possibly replacing the HUD module.,523
11037592,114721,Service Bulletin/Repair Instructions,2026-09-23,2026-09-30,,,,,APPLIQUE - FRONT DOOR,523
11037665,CSA-053,Other,2026-09-29,2026-10-01,,F1036,,,Freightliner Chassis issued a safety recall 26V-475/F1036 concerning Low Beam Headlights. Tiffin Motorhomes mailed a notice of the recall to all registered owners and dealers with new stock units to notify them of Freightliners safety recall 26V-475/F1036.,523
11037671,TSB 25-2568 V2,Service Bulletin/Repair Instructions,2026-09-16,2026-10-01,,,,,This article supersedes TSB 25-2373 to update a print error on publication. Some vehicles listed in the model statement above may exhibit an illuminated powertrain malfunction (wrench) indicator with diagnostic trouble codes (DTCs) C00A6 and/or C0631. This may be due to the front axle disconnect actuator/intermediate shaft.,523
11037676,CSR-3367,Service Bulletin/Repair Instructions,2026-10-01,2026-10-01,,CSR-3367,,,"Altec Industries, Inc. received notification from FCA US LLC of a defect affecting certain 2019-2026 model year DT Ram 1500 pickup trucks equipped with Altec equipment. The affected vehicles may have a second-row center and/or driver-side seat belt buckle anchor that was not properly secured to the vehicle body structure during assembly. If the seat belt buckle anchor is not properly attached, occupant restraint effectiveness may be reduced, which can increase the risk of injury in a crash.",523
11037782,26B07,Other,2026-09-24,2026-10-02,,26B07,,,Recommended Repair Prior to Sale Customer Satisfaction Program 26B07 Certain 2021-2025 Model Year F-150 Lightning and Mustang Mach-E Vehicles Undesired Acceleration Due to Adaptive Cruise Control (ACC) Activation,523
11037844,B611226,Service Campaign,2026-09-25,2026-10-02,,0061610900,,,"The BCP controls several vehicle functions, including the windscreen wipers and air conditioning actuators. Low current flow may cause excessive current in parts of the BCP circuit board and damage the unit. If a fault occurs, the wipers or air flap controls may operate incorrectly or fail. A wiper failure is indicated by a yellow warning light and the “Windscreen wiper fault” Check Control message.",523
