make,model,model_year,component,product_type,complaints,complaints_crash,complaints_fire,injured,deaths,first_received_date,last_received_date,source_id
BMW,530I,2024,ELECTRICAL SYSTEM,V,1,0,0,0,0,2025-11-10,2025-11-10,524
BMW,530I,2024,ELECTRONIC STABILITY CONTROL (ESC),V,6,1,0,0,0,2024-10-16,2025-04-07,524
BMW,530I,2024,FORWARD COLLISION AVOIDANCE: ADAPTIVE CRUISE CONTROL,V,1,0,0,0,0,2026-04-30,2026-04-30,524
BMW,530I,2024,FORWARD COLLISION AVOIDANCE: AUTOMATIC EMERGENCY BRAKING,V,2,1,0,0,0,2024-08-12,2026-04-30,524
BMW,530I,2024,FUEL/PROPULSION SYSTEM,V,1,1,0,0,0,2026-02-07,2026-02-07,524
BMW,530I,2024,SERVICE BRAKES,V,4,2,0,0,0,2024-08-12,2026-02-07,524
BMW,530I,2024,"SERVICE BRAKES, HYDRAULIC",V,6,1,0,0,0,2024-10-16,2025-04-07,524
BMW,530I,2024,STEERING,V,1,0,0,0,0,2025-03-24,2025-03-24,524
BMW,530I,2024,UNKNOWN OR OTHER,V,3,2,0,0,0,2024-08-12,2026-02-07,524
BMW,530I,2024,VEHICLE SPEED CONTROL,V,2,0,0,0,0,2025-03-24,2026-04-30,524
BMW,530I,2025,ELECTRICAL SYSTEM,V,1,0,0,0,0,2026-05-14,2026-05-14,524
BMW,530I,2025,SERVICE BRAKES,V,1,0,0,0,0,2026-05-14,2026-05-14,524
BMW,530I,2025,STEERING,V,1,0,0,0,0,2026-05-14,2026-05-14,524
BMW,740I,2023,ELECTRICAL SYSTEM,V,2,0,0,0,0,2026-08-12,2026-08-21,524
BMW,740I,2023,ELECTRONIC STABILITY CONTROL (ESC),V,5,0,0,0,0,2024-05-10,2024-10-16,524
BMW,740I,2023,ENGINE,V,1,0,0,0,0,2026-03-19,2026-03-19,524
BMW,740I,2023,POWER TRAIN,V,2,0,0,0,0,2025-04-14,2026-08-21,524
BMW,740I,2023,SERVICE BRAKES,V,6,0,0,0,0,2024-05-10,2026-08-21,524
BMW,740I,2023,"SERVICE BRAKES, HYDRAULIC",V,1,0,0,0,0,2024-10-16,2024-10-16,524
BMW,740I,2023,STEERING,V,1,0,0,0,0,2025-01-25,2025-01-25,524
BMW,740I,2023,STRUCTURE:BODY,V,1,0,0,0,0,2026-09-29,2026-09-29,524
BMW,740I,2023,VEHICLE SPEED CONTROL,V,1,0,0,0,0,2026-08-12,2026-08-12,524
BMW,740I,2024,ELECTRONIC STABILITY CONTROL (ESC),V,1,0,0,0,0,2024-10-17,2024-10-17,524
BMW,740I,2024,EXTERIOR LIGHTING,V,1,0,0,0,0,2025-01-07,2025-01-07,524
BMW,740I,2024,SERVICE BRAKES,V,1,0,0,0,0,2025-01-07,2025-01-07,524
BMW,740I,2024,UNKNOWN OR OTHER,V,1,0,0,0,0,2025-05-14,2025-05-14,524
BMW,I5,2024,AIR BAGS: AIR BAG/RESTRAINT CONTROL MODULE:SOFTWARE,V,1,0,0,0,0,2024-10-22,2024-10-22,524
BMW,I5,2024,BACK OVER PREVENTION: REARVIEW SYSTEM BRAKING,V,1,0,0,0,0,2024-06-02,2024-06-02,524
BMW,I5,2024,BACK OVER PREVENTION: SENSING SYSTEM: CAMERA,V,1,0,0,0,0,2025-07-15,2025-07-15,524
BMW,I5,2024,ELECTRICAL SYSTEM,V,4,0,0,0,0,2025-09-09,2026-05-05,524
BMW,I5,2024,ELECTRONIC STABILITY CONTROL (ESC),V,5,1,0,0,0,2024-09-11,2025-09-19,524
BMW,I5,2024,ENGINE,V,1,0,0,0,0,2025-09-12,2025-09-12,524
BMW,I5,2024,FORWARD COLLISION AVOIDANCE: ADAPTIVE CRUISE CONTROL,V,1,0,0,0,0,2025-01-28,2025-01-28,524
BMW,I5,2024,FORWARD COLLISION AVOIDANCE: AUTOMATIC EMERGENCY BRAKING,V,2,1,0,0,0,2025-03-04,2026-04-28,524
BMW,I5,2024,FORWARD COLLISION AVOIDANCE: WARNINGS,V,1,1,0,0,0,2025-03-04,2025-03-04,524
BMW,I5,2024,FUEL/PROPULSION SYSTEM,V,1,0,0,0,0,2025-09-12,2025-09-12,524
BMW,I5,2024,LANE DEPARTURE: ASSIST,V,1,0,0,0,0,2025-01-28,2025-01-28,524
BMW,I5,2024,LANE DEPARTURE: BLIND SPOT DETECTION,V,1,0,0,0,0,2024-06-02,2024-06-02,524
BMW,I5,2024,POWER TRAIN,V,1,0,0,0,0,2025-09-12,2025-09-12,524
BMW,I5,2024,SERVICE BRAKES,V,4,0,0,0,0,2024-08-12,2026-04-28,524
BMW,I5,2024,"SERVICE BRAKES, HYDRAULIC",V,4,1,0,0,0,2024-10-22,2025-09-19,524
BMW,I5,2024,STEERING,V,2,0,0,0,0,2025-01-28,2026-05-05,524
BMW,I5,2024,UNKNOWN OR OTHER,V,3,0,0,0,0,2024-02-17,2026-04-22,524
BMW,I5,2024,VISIBILITY/WIPER,V,1,0,0,0,0,2026-05-05,2026-05-05,524
BMW,I5,2024,WHEELS,V,1,0,0,0,0,2024-02-23,2024-02-23,524
BMW,I5,2025,ELECTRICAL SYSTEM,V,4,0,0,1,0,2026-03-02,2026-09-08,524
BMW,I5,2025,ENGINE,V,1,0,0,0,0,2026-03-02,2026-03-02,524
BMW,I5,2025,FORWARD COLLISION AVOIDANCE: ADAPTIVE CRUISE CONTROL,V,1,0,0,0,0,2026-04-06,2026-04-06,524
BMW,I5,2025,FORWARD COLLISION AVOIDANCE: AUTOMATIC EMERGENCY BRAKING,V,3,1,0,2,0,2024-06-15,2026-09-08,524
BMW,I5,2025,FORWARD COLLISION AVOIDANCE: WARNINGS,V,2,1,0,2,0,2024-06-15,2026-09-08,524
BMW,I5,2025,POWER TRAIN,V,2,0,0,0,0,2026-03-02,2026-04-06,524
BMW,I5,2025,SERVICE BRAKES,V,3,2,0,2,0,2024-06-15,2026-04-07,524
BMW,I5,2025,UNKNOWN OR OTHER,V,2,0,0,0,0,2026-04-25,2026-09-01,524
BMW,I5,2025,VEHICLE SPEED CONTROL,V,1,0,0,0,0,2026-03-06,2026-03-06,524
BMW,I7,2023,ELECTRICAL SYSTEM,V,2,1,0,0,0,2023-10-17,2024-02-28,524
BMW,I7,2023,ELECTRONIC STABILITY CONTROL (ESC),V,2,0,0,0,0,2024-10-16,2024-10-22,524
BMW,I7,2023,FORWARD COLLISION AVOIDANCE: ADAPTIVE CRUISE CONTROL,V,2,1,0,0,0,2023-10-17,2024-06-22,524
BMW,I7,2023,FORWARD COLLISION AVOIDANCE: AUTOMATIC EMERGENCY BRAKING,V,2,1,0,0,0,2024-02-23,2024-06-22,524
BMW,I7,2023,FORWARD COLLISION AVOIDANCE: WARNINGS,V,2,2,0,0,0,2023-10-17,2024-02-23,524
BMW,I7,2023,POWER TRAIN,V,1,0,0,0,0,2024-02-28,2024-02-28,524
BMW,I7,2023,SERVICE BRAKES,V,2,0,0,0,0,2024-06-22,2024-07-19,524
BMW,I7,2023,"SERVICE BRAKES, HYDRAULIC",V,2,0,0,0,0,2024-10-16,2024-10-22,524
BMW,I7,2023,STRUCTURE:BODY,V,1,0,0,0,0,2024-01-23,2024-01-23,524
BMW,I7,2024,BACK OVER PREVENTION: WARNINGS,V,1,1,0,0,0,2025-08-20,2025-08-20,524
BMW,I7,2024,ELECTRICAL SYSTEM,V,7,1,0,0,0,2024-01-16,2025-09-08,524
BMW,I7,2024,ELECTRONIC STABILITY CONTROL (ESC),V,2,0,0,0,0,2024-10-30,2024-11-19,524
BMW,I7,2024,FORWARD COLLISION AVOIDANCE: AUTOMATIC EMERGENCY BRAKING,V,5,1,0,0,0,2025-05-05,2025-09-08,524
BMW,I7,2024,LATCHES/LOCKS/LINKAGES:DOORS:LOCK,V,1,0,0,0,0,2024-01-03,2024-01-03,524
BMW,I7,2024,SERVICE BRAKES,V,5,0,0,0,0,2025-05-05,2025-09-08,524
BMW,I7,2024,"SERVICE BRAKES, HYDRAULIC",V,2,0,0,0,0,2024-10-30,2024-11-19,524
BMW,I7,2024,STEERING,V,1,0,0,0,0,2025-09-03,2025-09-03,524
BMW,I7,2024,SUSPENSION,V,3,0,0,0,0,2024-03-20,2025-12-11,524
BMW,I7,2024,UNKNOWN OR OTHER,V,3,0,0,0,0,2025-06-11,2025-12-11,524
BMW,I7,2024,VISIBILITY/WIPER,V,1,0,0,0,0,2025-09-03,2025-09-03,524
BMW,I7,2025,AIR BAGS,V,1,1,0,1,0,2026-04-20,2026-04-20,524
BMW,I7,2025,FORWARD COLLISION AVOIDANCE: AUTOMATIC EMERGENCY BRAKING,V,1,1,0,1,0,2026-04-20,2026-04-20,524
BMW,I7,2025,SERVICE BRAKES,V,1,1,0,1,0,2026-04-20,2026-04-20,524
BMW,X1,2023,AIR BAGS,V,4,0,0,0,0,2023-03-20,2023-05-02,524
BMW,X1,2023,BACK OVER PREVENTION: REARVIEW SYSTEM BRAKING,V,2,0,0,0,0,2024-10-13,2025-12-23,524
BMW,X1,2023,BACK OVER PREVENTION: SENSING SYSTEM: CAMERA,V,1,0,0,0,0,2024-11-25,2024-11-25,524
BMW,X1,2023,BACK OVER PREVENTION: WARNINGS,V,1,0,0,0,0,2025-12-23,2025-12-23,524
BMW,X1,2023,ELECTRICAL SYSTEM,V,4,1,0,0,0,2023-10-04,2026-05-20,524
BMW,X1,2023,ELECTRONIC STABILITY CONTROL (ESC),V,31,0,0,0,0,2024-02-29,2025-06-16,524
BMW,X1,2023,ENGINE,V,2,0,0,0,0,2023-06-30,2026-05-20,524
BMW,X1,2023,FORWARD COLLISION AVOIDANCE: AUTOMATIC EMERGENCY BRAKING,V,5,1,0,0,0,2024-07-22,2026-06-09,524
BMW,X1,2023,FORWARD COLLISION AVOIDANCE: WARNINGS,V,2,1,0,0,0,2024-11-06,2026-06-09,524
BMW,X1,2023,FUEL/PROPULSION SYSTEM,V,1,0,0,0,0,2023-12-12,2023-12-12,524
BMW,X1,2023,LANE DEPARTURE: ASSIST,V,1,0,0,0,0,2025-12-30,2025-12-30,524
BMW,X1,2023,POWER TRAIN,V,6,1,0,0,0,2023-06-30,2025-03-05,524
BMW,X1,2023,SERVICE BRAKES,V,31,1,0,0,0,2024-02-29,2026-06-09,524
BMW,X1,2023,"SERVICE BRAKES, HYDRAULIC",V,21,0,0,0,0,2024-06-28,2025-06-16,524
BMW,X1,2023,"SERVICE BRAKES, HYDRAULIC:ANTILOCK/TRACTION CONTROL/ELECTRONIC LIMITED SLIP:CONTROL UNIT/MODULE",V,1,0,0,0,0,2024-08-20,2024-08-20,524
BMW,X1,2023,STEERING,V,1,0,0,0,0,2024-02-28,2024-02-28,524
BMW,X1,2023,TIRES,V,1,0,0,0,0,2025-06-10,2025-06-10,524
BMW,X1,2023,UNKNOWN OR OTHER,V,1,0,0,0,0,2024-05-02,2024-05-02,524
BMW,X1,2024,BACK OVER PREVENTION: REARVIEW SYSTEM BRAKING,V,2,0,0,0,0,2025-02-13,2026-05-19,524
BMW,X1,2024,ELECTRICAL SYSTEM,V,2,1,0,0,0,2024-07-10,2026-03-14,524
BMW,X1,2024,ELECTRONIC STABILITY CONTROL (ESC),V,10,1,0,1,0,2024-11-04,2025-09-11,524
BMW,X1,2024,ENGINE,V,1,0,0,0,0,2024-08-04,2024-08-04,524
BMW,X1,2024,FORWARD COLLISION AVOIDANCE: AUTOMATIC EMERGENCY BRAKING,V,4,2,0,1,0,2024-07-26,2026-03-14,524
BMW,X1,2024,FORWARD COLLISION AVOIDANCE: WARNINGS,V,1,0,0,0,0,2026-03-27,2026-03-27,524
BMW,X1,2024,LATCHES/LOCKS/LINKAGES:DOORS:LATCH,V,1,0,0,0,0,2025-05-03,2025-05-03,524
BMW,X1,2024,POWER TRAIN,V,2,0,0,0,0,2024-03-16,2026-01-08,524
BMW,X1,2024,SEATS,V,1,0,0,0,0,2025-10-29,2025-10-29,524
BMW,X1,2024,SERVICE BRAKES,V,10,3,0,1,0,2024-07-26,2026-03-27,524
BMW,X1,2024,"SERVICE BRAKES, HYDRAULIC",V,9,0,0,0,0,2024-11-04,2025-09-11,524
BMW,X1,2024,STEERING,V,2,0,0,0,0,2024-07-26,2024-10-02,524
BMW,X1,2024,UNKNOWN OR OTHER,V,4,0,0,0,0,2024-08-04,2026-05-21,524
BMW,X2,2025,SERVICE BRAKES,V,1,0,0,0,0,2026-04-28,2026-04-28,524
BMW,X5,2024,AIR BAGS,V,3,1,0,1,0,2023-07-12,2026-01-21,524
BMW,X5,2024,BACK OVER PREVENTION: REARVIEW SYSTEM BRAKING,V,3,0,0,0,0,2024-11-02,2025-06-30,524
BMW,X5,2024,BACK OVER PREVENTION: WARNINGS,V,3,0,0,0,0,2024-02-02,2026-05-20,524
BMW,X5,2024,ELECTRICAL SYSTEM,V,24,0,0,0,0,2023-07-12,2026-09-10,524
BMW,X5,2024,ELECTRICAL SYSTEM:ADAS:PARKING ASSIST:SOFTWARE,V,1,1,0,0,0,2023-09-18,2023-09-18,524
BMW,X5,2024,ELECTRONIC STABILITY CONTROL (ESC),V,56,2,0,0,0,2024-03-18,2026-03-05,524
BMW,X5,2024,ENGINE,V,13,0,0,0,0,2023-09-07,2026-02-06,524
BMW,X5,2024,EXTERIOR LIGHTING,V,1,0,0,0,0,2024-09-20,2024-09-20,524
BMW,X5,2024,FORWARD COLLISION AVOIDANCE,V,1,0,0,0,0,2025-01-27,2025-01-27,524
BMW,X5,2024,FORWARD COLLISION AVOIDANCE: ADAPTIVE CRUISE CONTROL,V,1,0,0,0,0,2023-09-26,2023-09-26,524
BMW,X5,2024,FORWARD COLLISION AVOIDANCE: AUTOMATIC EMERGENCY BRAKING,V,12,2,0,1,0,2024-06-23,2025-09-18,524
BMW,X5,2024,FORWARD COLLISION AVOIDANCE: WARNINGS,V,2,0,0,0,0,2024-02-02,2025-12-03,524
BMW,X5,2024,FUEL/PROPULSION SYSTEM,V,4,0,0,0,0,2023-09-06,2024-12-09,524
BMW,X5,2024,LANE DEPARTURE: WARNING,V,1,0,0,0,0,2025-08-15,2025-08-15,524
BMW,X5,2024,POWER TRAIN,V,16,0,0,0,0,2023-09-06,2026-09-10,524
BMW,X5,2024,SERVICE BRAKES,V,43,3,0,0,0,2024-03-18,2026-08-22,524
BMW,X5,2024,"SERVICE BRAKES, HYDRAULIC",V,47,1,0,0,0,2024-10-15,2026-03-05,524
BMW,X5,2024,STEERING,V,3,2,0,1,0,2024-08-21,2025-09-18,524
BMW,X5,2024,UNKNOWN OR OTHER,V,9,1,1,0,0,2023-07-12,2026-09-10,524
BMW,X5,2024,VEHICLE SPEED CONTROL,V,5,2,0,1,0,2025-04-17,2026-06-30,524
BMW,X5,2024,VISIBILITY/WIPER,V,3,0,0,1,0,2024-02-12,2025-07-31,524
BMW,X5,2024,VISIBILITY:REARVIEW MIRRORS/DEVICES,V,1,0,0,0,0,2025-01-30,2025-01-30,524
BMW,X5,2024,VISIBILITY:SUN/MOON ROOF ASSEMBLY,V,1,0,0,0,0,2025-06-17,2025-06-17,524
BMW,X5,2025,AIR BAGS,V,2,2,0,1,0,2025-11-23,2026-03-16,524
BMW,X5,2025,BACK OVER PREVENTION,V,1,0,0,0,0,2026-03-16,2026-03-16,524
BMW,X5,2025,BACK OVER PREVENTION: REARVIEW SYSTEM BRAKING,V,2,0,0,0,0,2025-07-10,2025-09-23,524
BMW,X5,2025,BACK OVER PREVENTION: WARNINGS,V,2,2,0,0,0,2025-12-21,2026-07-29,524
BMW,X5,2025,ELECTRICAL SYSTEM,V,8,0,0,0,0,2025-05-09,2026-08-20,524
BMW,X5,2025,ELECTRONIC STABILITY CONTROL (ESC),V,18,1,0,1,0,2024-08-19,2026-05-15,524
BMW,X5,2025,ENGINE,V,3,0,0,0,0,2025-06-28,2025-11-11,524
BMW,X5,2025,ENGINE AND ENGINE COOLING:ENGINE:ENGINE CONTROL MODULE (ECU/ECM),V,1,0,0,0,0,2025-07-10,2025-07-10,524
BMW,X5,2025,EXTERIOR LIGHTING,V,2,0,0,0,0,2025-08-09,2026-08-26,524
BMW,X5,2025,FORWARD COLLISION AVOIDANCE: ADAPTIVE CRUISE CONTROL,V,1,0,0,0,0,2026-08-15,2026-08-15,524
BMW,X5,2025,FORWARD COLLISION AVOIDANCE: AUTOMATIC EMERGENCY BRAKING,V,5,3,0,0,0,2025-06-28,2026-08-15,524
BMW,X5,2025,FORWARD COLLISION AVOIDANCE: WARNINGS,V,5,2,0,1,0,2025-05-05,2026-09-29,524
BMW,X5,2025,FUEL/PROPULSION SYSTEM,V,1,1,0,1,0,2026-02-05,2026-02-05,524
BMW,X5,2025,LANE DEPARTURE: BLIND SPOT DETECTION,V,1,0,0,0,0,2025-05-09,2025-05-09,524
BMW,X5,2025,LANE DEPARTURE: LANE KEEP: STEERING ASSIST,V,1,0,0,0,0,2025-05-09,2025-05-09,524
BMW,X5,2025,POWER TRAIN,V,7,0,0,0,0,2024-12-12,2025-12-04,524
BMW,X5,2025,SEAT BELTS,V,1,1,0,1,0,2025-11-23,2025-11-23,524
BMW,X5,2025,SERVICE BRAKES,V,13,3,0,0,0,2024-08-19,2026-09-29,524
BMW,X5,2025,"SERVICE BRAKES, HYDRAULIC",V,17,1,0,1,0,2024-10-15,2026-05-15,524
BMW,X5,2025,STEERING,V,3,0,0,0,0,2025-06-28,2026-04-20,524
BMW,X5,2025,STEERING:COLUMN,V,1,0,0,0,0,2025-10-09,2025-10-09,524
BMW,X5,2025,STRUCTURE:BODY,V,1,0,0,0,0,2026-04-17,2026-04-17,524
BMW,X5,2025,UNKNOWN OR OTHER,V,5,0,1,0,0,2025-01-04,2026-08-20,524
BMW,X5,2025,VEHICLE SPEED CONTROL,V,4,2,0,1,0,2025-04-07,2026-07-29,524
BMW,X5,2025,VISIBILITY/WIPER,V,4,0,0,0,0,2025-06-07,2026-04-17,524
BMW,X6,2024,ELECTRONIC STABILITY CONTROL (ESC),V,5,0,0,0,0,2024-06-13,2025-04-18,524
BMW,X6,2024,ELECTRONIC STABILITY CONTROL (ESC):CONTROL MODULE,V,1,0,0,0,0,2025-07-30,2025-07-30,524
BMW,X6,2024,FORWARD COLLISION AVOIDANCE: ADAPTIVE CRUISE CONTROL,V,1,0,0,0,0,2024-12-16,2024-12-16,524
BMW,X6,2024,FORWARD COLLISION AVOIDANCE: AUTOMATIC EMERGENCY BRAKING,V,2,0,0,0,0,2024-10-22,2024-12-16,524
BMW,X6,2024,SERVICE BRAKES,V,6,0,0,0,0,2024-06-13,2025-01-14,524
BMW,X6,2024,"SERVICE BRAKES, HYDRAULIC",V,5,0,0,0,0,2024-10-09,2025-07-30,524
BMW,X6,2024,UNKNOWN OR OTHER,V,1,0,0,0,0,2024-10-22,2024-10-22,524
BMW,X6,2025,BACK OVER PREVENTION: WARNINGS,V,1,1,0,0,0,2026-03-18,2026-03-18,524
BMW,X6,2025,FORWARD COLLISION AVOIDANCE: AUTOMATIC EMERGENCY BRAKING,V,1,1,0,0,0,2026-03-18,2026-03-18,524
BMW,X6,2025,VEHICLE SPEED CONTROL,V,1,1,0,0,0,2026-03-18,2026-03-18,524
BMW,X7,2023,BACK OVER PREVENTION: AUTOMATIC SYSTEM BRAKING,V,1,1,0,0,0,2022-11-23,2022-11-23,524
BMW,X7,2023,BACK OVER PREVENTION: REARVIEW SYSTEM BRAKING,V,1,0,0,0,0,2024-03-28,2024-03-28,524
BMW,X7,2023,ELECTRICAL SYSTEM,V,6,1,0,0,0,2023-03-20,2025-08-17,524
BMW,X7,2023,ELECTRICAL SYSTEM:12V/24V/48V BATTERY,V,1,0,0,0,0,2024-08-22,2024-08-22,524
BMW,X7,2023,ELECTRICAL SYSTEM:ADAS,V,1,0,0,0,0,2024-08-22,2024-08-22,524
BMW,X7,2023,ELECTRONIC STABILITY CONTROL (ESC),V,13,0,0,0,0,2024-04-04,2024-11-26,524
BMW,X7,2023,ENGINE,V,2,0,0,0,0,2023-05-16,2024-09-15,524
BMW,X7,2023,EQUIPMENT:ELECTRICAL:INFOTAINMENT:BLUETOOTH/WIFI,V,1,0,0,0,0,2024-08-22,2024-08-22,524
BMW,X7,2023,EXTERIOR LIGHTING:HEADLIGHTS,V,1,0,0,0,0,2024-08-22,2024-08-22,524
BMW,X7,2023,FORWARD COLLISION AVOIDANCE: AUTOMATIC EMERGENCY BRAKING,V,2,1,0,0,0,2023-08-08,2024-03-28,524
BMW,X7,2023,FUEL/PROPULSION SYSTEM,V,1,0,0,0,0,2024-09-15,2024-09-15,524
BMW,X7,2023,LANE DEPARTURE: WARNING,V,1,0,0,0,0,2023-04-05,2023-04-05,524
BMW,X7,2023,LATCHES/LOCKS/LINKAGES:ELECTRONIC LOCK/LATCH ACTUATOR,V,1,0,0,0,0,2026-06-24,2026-06-24,524
BMW,X7,2023,POWER TRAIN,V,4,0,0,0,0,2023-07-24,2026-09-10,524
BMW,X7,2023,POWER TRAIN:AUTOMATIC TRANSMISSION,V,1,0,0,0,0,2024-08-22,2024-08-22,524
BMW,X7,2023,SEATS,V,1,0,0,0,0,2024-08-22,2024-08-22,524
BMW,X7,2023,SERVICE BRAKES,V,20,1,0,0,0,2023-05-16,2026-08-19,524
BMW,X7,2023,"SERVICE BRAKES, AIR:ANTILOCK:ABS WARNING LIGHT",V,1,0,0,0,0,2023-03-30,2023-03-30,524
BMW,X7,2023,"SERVICE BRAKES, HYDRAULIC",V,5,0,0,0,0,2024-07-05,2024-11-26,524
BMW,X7,2023,STRUCTURE:BODY,V,2,0,0,0,0,2023-04-10,2026-06-24,524
BMW,X7,2023,UNKNOWN OR OTHER,V,2,0,0,0,0,2023-07-24,2025-08-17,524
BMW,X7,2023,VISIBILITY/WIPER,V,2,0,0,0,0,2023-07-16,2026-06-20,524
BMW,X7,2023,VISIBILITY:DEFROSTER/DEFOGGER/HVAC SYSTEM,V,1,0,0,0,0,2024-08-22,2024-08-22,524
BMW,X7,2024,BACK OVER PREVENTION: REARVIEW SYSTEM BRAKING,V,2,0,0,0,0,2023-08-11,2026-05-16,524
BMW,X7,2024,BACK OVER PREVENTION: WARNINGS,V,2,0,0,0,0,2023-08-11,2023-11-16,524
BMW,X7,2024,ELECTRICAL SYSTEM,V,8,0,0,0,0,2023-08-11,2025-12-13,524
BMW,X7,2024,ELECTRONIC STABILITY CONTROL (ESC),V,22,0,0,0,0,2024-04-12,2026-01-02,524
BMW,X7,2024,ENGINE,V,3,0,0,0,0,2024-10-07,2026-03-16,524
BMW,X7,2024,FORWARD COLLISION AVOIDANCE: ADAPTIVE CRUISE CONTROL,V,1,0,0,0,0,2023-05-14,2023-05-14,524
BMW,X7,2024,FORWARD COLLISION AVOIDANCE: AUTOMATIC EMERGENCY BRAKING,V,8,1,0,0,0,2024-05-19,2025-12-13,524
BMW,X7,2024,FORWARD COLLISION AVOIDANCE: WARNINGS,V,4,1,0,0,0,2024-05-19,2025-02-21,524
BMW,X7,2024,LANE DEPARTURE: WARNING,V,1,0,0,0,0,2025-02-21,2025-02-21,524
BMW,X7,2024,LATCHES/LOCKS/LINKAGES:DOORS:LATCH,V,1,0,0,0,0,2025-02-13,2025-02-13,524
BMW,X7,2024,LATCHES/LOCKS/LINKAGES:DOORS:LATCH:EMERGENCY MECHANICAL RELEASE,V,1,0,0,0,0,2025-02-13,2025-02-13,524
BMW,X7,2024,POWER TRAIN,V,2,0,0,0,0,2025-01-06,2025-03-06,524
BMW,X7,2024,SEAT BELTS,V,1,0,0,0,0,2024-08-29,2024-08-29,524
BMW,X7,2024,SERVICE BRAKES,V,30,1,0,0,0,2023-07-28,2026-05-04,524
BMW,X7,2024,"SERVICE BRAKES, HYDRAULIC",V,14,0,0,0,0,2024-10-15,2026-01-02,524
BMW,X7,2024,STEERING,V,1,0,0,0,0,2026-01-02,2026-01-02,524
BMW,X7,2024,UNKNOWN OR OTHER,V,8,1,0,0,0,2023-07-13,2025-09-02,524
BMW,X7,2024,VEHICLE SPEED CONTROL,V,1,0,0,0,0,2025-09-04,2025-09-04,524
BMW,X7,2024,VISIBILITY:REARVIEW MIRRORS/DEVICES:INTERIOR,V,1,0,0,0,0,2024-10-22,2024-10-22,524
BMW,X7,2025,AIR BAGS,V,1,0,0,0,0,2026-09-28,2026-09-28,524
BMW,X7,2025,BACK OVER PREVENTION: WARNINGS,V,1,1,0,0,0,2025-07-09,2025-07-09,524
BMW,X7,2025,"Carry Handle, Shell, Base",V,1,0,0,0,0,2025-04-14,2025-04-14,524
BMW,X7,2025,"Chest Clip, Buckle, Harness",V,1,0,0,0,0,2025-04-14,2025-04-14,524
BMW,X7,2025,ELECTRICAL SYSTEM,V,3,0,0,0,0,2024-09-06,2026-09-28,524
BMW,X7,2025,ELECTRONIC STABILITY CONTROL (ESC),V,6,0,0,0,0,2024-10-18,2025-09-05,524
BMW,X7,2025,ENGINE,V,2,0,0,0,0,2024-09-06,2026-04-23,524
BMW,X7,2025,EXTERIOR LIGHTING,V,3,0,0,0,0,2024-10-13,2026-08-22,524
BMW,X7,2025,FORWARD COLLISION AVOIDANCE: ADAPTIVE CRUISE CONTROL,V,2,1,0,0,0,2024-10-22,2026-01-29,524
BMW,X7,2025,FORWARD COLLISION AVOIDANCE: AUTOMATIC EMERGENCY BRAKING,V,4,1,0,0,0,2024-10-22,2026-01-29,524
BMW,X7,2025,LANE DEPARTURE: ASSIST,V,1,1,0,0,0,2026-01-29,2026-01-29,524
BMW,X7,2025,LANE DEPARTURE: BLIND SPOT DETECTION,V,1,0,0,0,0,2024-10-22,2024-10-22,524
BMW,X7,2025,LATCHES/LOCKS/LINKAGES:DOORS:LATCH,V,1,0,0,1,0,2024-11-13,2024-11-13,524
BMW,X7,2025,SEAT BELTS,V,1,0,0,0,0,2024-07-28,2024-07-28,524
BMW,X7,2025,SERVICE BRAKES,V,6,0,0,0,0,2024-09-16,2025-09-08,524
BMW,X7,2025,"SERVICE BRAKES, HYDRAULIC",V,6,0,0,0,0,2024-10-18,2025-09-05,524
BMW,X7,2025,STEERING,V,1,0,0,0,0,2025-06-01,2025-06-01,524
BMW,X7,2025,STRUCTURE:BODY,V,1,0,0,0,0,2024-10-06,2024-10-06,524
BMW,X7,2025,SUSPENSION,V,1,0,0,0,0,2024-09-06,2024-09-06,524
BMW,X7,2025,UNKNOWN OR OTHER,V,4,0,0,0,0,2024-10-06,2026-08-20,524
BMW,X7,2025,WHEELS,V,1,0,0,0,0,2026-04-23,2026-04-23,524
BMW,XM,2023,ELECTRONIC STABILITY CONTROL (ESC),V,1,0,0,0,0,2024-06-18,2024-06-18,524
BMW,XM,2023,POWER TRAIN,V,1,0,0,0,0,2026-08-22,2026-08-22,524
BMW,XM,2023,SERVICE BRAKES,V,2,0,0,0,0,2024-06-18,2026-08-22,524
BMW,XM,2023,UNKNOWN OR OTHER,V,1,0,0,0,0,2026-08-22,2026-08-22,524
BMW,XM,2024,ELECTRICAL SYSTEM,V,1,0,0,0,0,2024-11-14,2024-11-14,524
BMW,XM,2024,ENGINE,V,1,0,0,0,0,2024-11-14,2024-11-14,524
BMW,XM,2024,SERVICE BRAKES,V,2,0,0,0,0,2024-09-07,2025-01-02,524
BMW,XM,2024,STEERING,V,2,0,0,0,0,2024-03-26,2024-11-14,524
BMW,XM,2024,SUSPENSION,V,1,0,0,0,0,2024-03-26,2024-03-26,524
BMW,XM,2024,TIRES,V,1,0,0,0,0,2024-11-26,2024-11-26,524
BMW,XM,2024,WHEELS,V,1,0,0,0,0,2025-12-01,2025-12-01,524
BMW,XM,2024,WHEELS:RIM,V,1,0,0,0,0,2025-10-28,2025-10-28,524
ENTEGRA,VISION,2024,LATCHES/LOCKS/LINKAGES:DOORS:LATCH,V,1,0,0,0,0,2026-02-16,2026-02-16,524
ENTEGRA,VISION,2024,UNKNOWN OR OTHER,V,1,0,0,0,0,2026-02-16,2026-02-16,524
ENTEGRA,VISION,2024,VISIBILITY/WIPER,V,2,0,0,0,0,2026-02-16,2026-04-08,524
FORD,BRONCO,2022,AIR BAGS,V,7,1,0,0,0,2022-09-12,2026-06-03,524
FORD,BRONCO,2022,BACK OVER PREVENTION,V,19,1,0,0,0,2023-10-04,2026-06-03,524
FORD,BRONCO,2022,BACK OVER PREVENTION: REARVIEW SYSTEM BRAKING,V,4,0,0,0,0,2024-05-22,2026-03-08,524
FORD,BRONCO,2022,BACK OVER PREVENTION: SENSING SYSTEM: CAMERA,V,1,0,0,0,0,2023-07-01,2023-07-01,524
FORD,BRONCO,2022,BACK OVER PREVENTION: WARNINGS,V,2,0,0,0,0,2024-05-22,2026-01-05,524
FORD,BRONCO,2022,ELECTRICAL SYSTEM,V,38,1,1,0,0,2022-08-02,2026-08-29,524
FORD,BRONCO,2022,ELECTRICAL SYSTEM:ADAS,V,1,0,0,0,0,2025-06-16,2025-06-16,524
FORD,BRONCO,2022,ENGINE,V,52,1,2,0,0,2022-05-04,2026-09-20,524
FORD,BRONCO,2022,ENGINE AND ENGINE COOLING,V,1,0,0,0,0,2026-02-27,2026-02-27,524
FORD,BRONCO,2022,EQUIPMENT:ELECTRICAL,V,1,0,0,0,0,2026-02-02,2026-02-02,524
FORD,BRONCO,2022,EXTERIOR LIGHTING,V,7,0,0,0,0,2022-10-19,2025-05-23,524
FORD,BRONCO,2022,FORWARD COLLISION AVOIDANCE: ADAPTIVE CRUISE CONTROL,V,3,0,0,0,0,2023-06-22,2026-05-17,524
FORD,BRONCO,2022,FORWARD COLLISION AVOIDANCE: AUTOMATIC EMERGENCY BRAKING,V,8,1,0,0,0,2022-08-18,2026-05-17,524
FORD,BRONCO,2022,FORWARD COLLISION AVOIDANCE: WARNINGS,V,4,1,0,0,0,2022-10-24,2025-07-11,524
FORD,BRONCO,2022,"FUEL SYSTEM, GASOLINE",V,32,0,0,0,0,2025-02-12,2026-08-20,524
FORD,BRONCO,2022,FUEL/PROPULSION SYSTEM,V,36,0,2,0,0,2022-09-03,2026-09-17,524
FORD,BRONCO,2022,LANE DEPARTURE: BLIND SPOT DETECTION,V,1,0,0,0,0,2026-03-08,2026-03-08,524
FORD,BRONCO,2022,PARKING BRAKE,V,1,0,0,0,0,2023-02-13,2023-02-13,524
FORD,BRONCO,2022,POWER TRAIN,V,39,0,0,0,0,2022-05-05,2026-09-20,524
FORD,BRONCO,2022,POWER TRAIN:MANUAL TRANSMISSION,V,1,0,0,0,0,2022-12-07,2022-12-07,524
FORD,BRONCO,2022,SEAT BELTS,V,8,0,0,0,0,2022-07-19,2025-10-29,524
FORD,BRONCO,2022,SEATS,V,11,0,0,0,0,2025-02-18,2026-09-03,524
FORD,BRONCO,2022,SERVICE BRAKES,V,40,1,0,0,0,2022-03-03,2026-06-03,524
FORD,BRONCO,2022,"SERVICE BRAKES, HYDRAULIC",V,2,0,0,0,0,2023-10-23,2026-04-28,524
FORD,BRONCO,2022,STEERING,V,13,1,0,0,0,2023-03-18,2026-05-17,524
FORD,BRONCO,2022,STRUCTURE,V,4,0,0,0,0,2023-07-19,2026-09-29,524
FORD,BRONCO,2022,STRUCTURE:BODY,V,19,0,0,1,0,2022-07-01,2026-09-30,524
FORD,BRONCO,2022,STRUCTURE:BODY:BUMPERS,V,1,0,0,0,0,2024-04-12,2024-04-12,524
FORD,BRONCO,2022,STRUCTURE:BODY:ROOF AND PILLARS,V,1,0,0,0,0,2023-02-16,2023-02-16,524
FORD,BRONCO,2022,SUSPENSION,V,27,0,0,0,0,2023-01-23,2026-08-29,524
FORD,BRONCO,2022,TIRES,V,1,0,0,0,0,2023-01-23,2023-01-23,524
FORD,BRONCO,2022,TRACTION CONTROL SYSTEM,V,1,0,0,0,0,2024-12-18,2024-12-18,524
FORD,BRONCO,2022,TRAILER HITCHES,V,1,0,0,0,0,2024-01-30,2024-01-30,524
FORD,BRONCO,2022,UNKNOWN OR OTHER,V,41,1,1,2,0,2022-05-07,2026-08-26,524
FORD,BRONCO,2022,VEHICLE SPEED CONTROL,V,6,0,0,0,0,2022-11-05,2026-05-02,524
FORD,BRONCO,2022,VEHICLE SPEED CONTROL:CRUISE CONTROL,V,1,0,0,0,0,2023-10-23,2023-10-23,524
FORD,BRONCO,2022,VISIBILITY,V,4,0,0,0,0,2024-04-16,2025-06-25,524
FORD,BRONCO,2022,VISIBILITY/WIPER,V,65,1,0,1,0,2022-03-30,2026-08-26,524
FORD,BRONCO,2022,VISIBILITY:POWER WINDOW DEVICES AND CONTROLS,V,1,0,0,0,0,2024-04-02,2024-04-02,524
FORD,BRONCO,2022,VISIBILITY:WINDSHIELD,V,3,0,0,0,0,2023-01-24,2023-02-21,524
FORD,BRONCO,2022,VISIBILITY:WINDSHIELD WIPER/WASHER,V,2,0,0,0,0,2023-02-09,2025-05-05,524
FORD,BRONCO,2022,WHEELS,V,3,0,0,0,0,2022-12-05,2026-08-29,524
FORD,BRONCO,2023,AIR BAGS,V,2,0,0,0,0,2024-07-16,2024-07-29,524
FORD,BRONCO,2023,BACK OVER PREVENTION,V,6,0,0,0,0,2023-10-30,2026-09-24,524
FORD,BRONCO,2023,BACK OVER PREVENTION: REARVIEW SYSTEM BRAKING,V,4,2,0,0,0,2023-02-08,2025-05-28,524
FORD,BRONCO,2023,BACK OVER PREVENTION: SENSING SYSTEM: CAMERA,V,1,0,0,0,0,2023-10-30,2023-10-30,524
FORD,BRONCO,2023,BACK OVER PREVENTION: WARNINGS,V,1,0,0,0,0,2024-03-06,2024-03-06,524
FORD,BRONCO,2023,ELECTRICAL SYSTEM,V,22,2,0,0,0,2023-02-08,2026-04-13,524
FORD,BRONCO,2023,ENGINE,V,19,0,1,0,0,2023-04-23,2026-05-04,524
FORD,BRONCO,2023,ENGINE AND ENGINE COOLING,V,1,0,0,0,0,2026-09-24,2026-09-24,524
FORD,BRONCO,2023,ENGINE AND ENGINE COOLING:ENGINE:GASOLINE:TURBO/SUPERCHARGER,V,1,0,0,0,0,2025-07-28,2025-07-28,524
FORD,BRONCO,2023,EQUIPMENT,V,1,0,0,0,0,2023-10-15,2023-10-15,524
FORD,BRONCO,2023,EQUIPMENT:ELECTRICAL:NAVIGATIONAL SYSTEM(GLOBAL POSITIONING SYSTEM),V,1,0,0,0,0,2023-03-06,2023-03-06,524
FORD,BRONCO,2023,EXTERIOR LIGHTING,V,3,0,0,0,0,2024-01-11,2025-12-02,524
FORD,BRONCO,2023,FIRERELATED,V,1,0,1,0,0,2026-05-14,2026-05-14,524
FORD,BRONCO,2023,FORWARD COLLISION AVOIDANCE: ADAPTIVE CRUISE CONTROL,V,1,0,0,0,0,2024-07-29,2024-07-29,524
FORD,BRONCO,2023,FORWARD COLLISION AVOIDANCE: AUTOMATIC EMERGENCY BRAKING,V,1,0,0,0,0,2023-03-24,2023-03-24,524
FORD,BRONCO,2023,FORWARD COLLISION AVOIDANCE: WARNINGS,V,2,0,0,0,0,2024-07-29,2025-12-25,524
FORD,BRONCO,2023,"FUEL SYSTEM, GASOLINE",V,1,0,1,0,0,2026-05-14,2026-05-14,524
FORD,BRONCO,2023,FUEL/PROPULSION SYSTEM,V,3,0,1,0,0,2024-03-08,2026-05-04,524
FORD,BRONCO,2023,LANE DEPARTURE: BLIND SPOT DETECTION,V,1,0,0,0,0,2026-06-24,2026-06-24,524
FORD,BRONCO,2023,PARKING BRAKE,V,1,0,0,0,0,2025-08-06,2025-08-06,524
FORD,BRONCO,2023,POWER TRAIN,V,21,0,0,0,0,2023-02-16,2026-09-16,524
FORD,BRONCO,2023,SEAT BELTS,V,7,0,0,0,0,2023-07-07,2025-06-18,524
FORD,BRONCO,2023,SEATS,V,1,0,0,0,0,2026-04-13,2026-04-13,524
FORD,BRONCO,2023,SERVICE BRAKES,V,16,0,0,0,0,2023-03-24,2026-06-29,524
FORD,BRONCO,2023,STEERING,V,7,0,0,1,0,2023-06-05,2026-09-22,524
FORD,BRONCO,2023,STRUCTURE,V,4,0,0,0,0,2024-06-03,2026-03-30,524
FORD,BRONCO,2023,STRUCTURE:BODY,V,11,0,0,0,0,2023-11-15,2026-09-09,524
FORD,BRONCO,2023,SUSPENSION,V,13,0,0,0,0,2023-05-08,2026-06-03,524
FORD,BRONCO,2023,TIRES,V,1,0,0,0,0,2024-03-29,2024-03-29,524
FORD,BRONCO,2023,UNKNOWN OR OTHER,V,19,4,1,1,0,2023-03-24,2026-09-28,524
FORD,BRONCO,2023,VEHICLE SPEED CONTROL,V,1,0,0,0,0,2024-06-02,2024-06-02,524
FORD,BRONCO,2023,VISIBILITY,V,1,0,0,0,0,2024-06-03,2024-06-03,524
FORD,BRONCO,2023,VISIBILITY/WIPER,V,90,0,0,0,0,2022-12-30,2026-09-18,524
FORD,BRONCO,2023,"VISIBILITY:GLASS, SIDE/REAR",V,1,0,0,1,0,2023-07-31,2023-07-31,524
FORD,BRONCO,2023,VISIBILITY:WINDSHIELD,V,2,0,0,0,0,2023-02-13,2023-03-27,524
FORD,BRONCO,2023,VISIBILITY:WINDSHIELD WIPER/WASHER:MOTOR,V,2,0,0,0,0,2023-02-22,2023-03-27,524
FORD,BRONCO,2023,WHEELS,V,2,1,0,0,0,2023-03-29,2024-10-09,524
