action_number,campaign_number_published,campaign_number,recall_id,match_method,source_id
EA23002,24V635,24V635000,23340,padded_000,522
PE23002,24V148,24V148000,22994,padded_000,522
PE23011,24V204,24V204000,23073,padded_000,522
PE23012,24V200,24V200000,23736,padded_000,522
PE23021,24V099,24V099000,23415,padded_000,522
PE24019,25V455,25V455000,24047,padded_000,522
PE25018,26V227,26V227000,25157,padded_000,522
PE26002,26E067,,,,522
PE26002,26V621,,,,522
PE26003,26E059,26E059000,25385,padded_000,522
RQ22005,23V180000,23V180000,22629,exact,522
RQ23002,23V675,23V675000,22525,padded_000,522
RQ23004,23V687,23V687000,22807,padded_000,522
