action_number,make,model,model_year,component,manufacturer_name,source_id
AQ26001,FORD,EXPEDITION,2021,NONE,Ford Motor Company,522
AQ26001,HYUNDAI,PALISADE,2025,NONE,Hyundai Motor America,522
DP25001,FORD,EXPLORER,2020,STRUCTURE:FRAME AND MEMBERS:UNDERBODY SHIELDS,Ford Motor Company,522
EA23002,FORD,BRONCO,2021,ENGINE,Ford Motor Company,522
EA23002,FORD,BRONCO,2022,ENGINE,Ford Motor Company,522
EA23002,FORD,EDGE,2021,ENGINE,Ford Motor Company,522
EA23002,FORD,EDGE,2022,ENGINE,Ford Motor Company,522
EA23002,FORD,EXPLORER,2021,ENGINE,Ford Motor Company,522
EA23002,FORD,EXPLORER,2022,ENGINE,Ford Motor Company,522
EA23002,FORD,F-150,2021,ENGINE,Ford Motor Company,522
EA23002,FORD,F-150,2022,ENGINE,Ford Motor Company,522
EA23002,LINCOLN,AVIATOR,2021,ENGINE,Ford Motor Company,522
EA23002,LINCOLN,AVIATOR,2022,ENGINE,Ford Motor Company,522
EA23002,LINCOLN,NAUTILUS,2021,ENGINE,Ford Motor Company,522
EA23002,LINCOLN,NAUTILUS,2022,ENGINE,Ford Motor Company,522
EA25001,FORD,MUSTANG MACH E,2021,ELECTRICAL SYSTEM:ADAS,Ford Motor Company,522
EA25001,FORD,MUSTANG MACH E,2022,ELECTRICAL SYSTEM:ADAS,Ford Motor Company,522
EA25001,FORD,MUSTANG MACH E,2023,ELECTRICAL SYSTEM:ADAS,Ford Motor Company,522
EA25001,FORD,MUSTANG MACH E,2024,ELECTRICAL SYSTEM:ADAS,Ford Motor Company,522
PE23002,KIA,TELLURIDE,2020,EXTERIOR LIGHTING:HEADLIGHTS,"Kia America, Inc.",522
PE23011,HYUNDAI,IONIQ 5,2022,ELECTRICAL SYSTEM:12V/24V/48V BATTERY,Hyundai Motor America,522
PE23011,HYUNDAI,IONIQ 5,2022,ELECTRICAL SYSTEM:PROPULSION SYSTEM:DC/DC CONVERTER,Hyundai Motor America,522
PE23011,HYUNDAI,IONIQ 5,2023,ELECTRICAL SYSTEM:12V/24V/48V BATTERY,Hyundai Motor America,522
PE23011,HYUNDAI,IONIQ 5,2023,ELECTRICAL SYSTEM:PROPULSION SYSTEM:DC/DC CONVERTER,Hyundai Motor America,522
PE23011,HYUNDAI,IONIQ 5,2024,ELECTRICAL SYSTEM:12V/24V/48V BATTERY,Hyundai Motor America,522
PE23011,HYUNDAI,IONIQ 5,2024,ELECTRICAL SYSTEM:PROPULSION SYSTEM:DC/DC CONVERTER,Hyundai Motor America,522
PE23012,KIA,EV6,2022,ELECTRICAL SYSTEM:12V/24V/48V BATTERY,"Kia America, Inc.",522
PE23012,KIA,EV6,2022,ELECTRICAL SYSTEM:PROPULSION SYSTEM:DC/DC CONVERTER,"Kia America, Inc.",522
PE23021,FORD,EXPEDITION,2019,SEAT BELTS:PRETENSIONER,Ford Motor Company,522
PE23021,LINCOLN,NAVIGATOR,2019,SEAT BELTS:PRETENSIONER,Ford Motor Company,522
PE24012,FORD,MUSTANG MACH E,2021,ELECTRICAL SYSTEM:ADAS,Ford Motor Company,522
PE24012,FORD,MUSTANG MACH E,2022,ELECTRICAL SYSTEM:ADAS,Ford Motor Company,522
PE24012,FORD,MUSTANG MACH E,2023,ELECTRICAL SYSTEM:ADAS,Ford Motor Company,522
PE24012,FORD,MUSTANG MACH E,2024,ELECTRICAL SYSTEM:ADAS,Ford Motor Company,522
PE24019,FORD,BRONCO,2021,"FUEL SYSTEM, GASOLINE:DELIVERY:FUEL PUMP",Ford Motor Company,522
PE24019,FORD,BRONCO,2022,"FUEL SYSTEM, GASOLINE:DELIVERY:FUEL PUMP",Ford Motor Company,522
PE24019,FORD,EXPEDITION,2022,"FUEL SYSTEM, GASOLINE:DELIVERY:FUEL PUMP",Ford Motor Company,522
PE24019,FORD,F-150,2018,"FUEL SYSTEM, GASOLINE:DELIVERY:FUEL PUMP",Ford Motor Company,522
PE24019,FORD,F-150,2022,"FUEL SYSTEM, GASOLINE:DELIVERY:FUEL PUMP",Ford Motor Company,522
PE24019,FORD,redundant  F-250,2020,"FUEL SYSTEM, GASOLINE:DELIVERY:FUEL PUMP",Ford Motor Company,522
PE24019,FORD,redundant F-250,2022,"FUEL SYSTEM, GASOLINE:DELIVERY:FUEL PUMP",Ford Motor Company,522
PE25004,KIA,EV9,2024,VISIBILITY:WINDSHIELD WIPER/WASHER,"Kia America, Inc.",522
PE25004,KIA,EV9,2025,VISIBILITY:WINDSHIELD WIPER/WASHER,"Kia America, Inc.",522
PE25008,ACURA,MDX,2016,ENGINE,Honda (American Honda Motor Co.),522
PE25008,ACURA,MDX,2017,ENGINE,Honda (American Honda Motor Co.),522
PE25008,ACURA,MDX,2018,ENGINE,Honda (American Honda Motor Co.),522
PE25008,ACURA,MDX,2019,ENGINE,Honda (American Honda Motor Co.),522
PE25008,ACURA,MDX,2020,ENGINE,Honda (American Honda Motor Co.),522
PE25008,ACURA,TLX,2018,ENGINE,Honda (American Honda Motor Co.),522
PE25008,ACURA,TLX,2019,ENGINE,Honda (American Honda Motor Co.),522
PE25008,ACURA,TLX,2020,ENGINE,Honda (American Honda Motor Co.),522
PE25008,HONDA,ODYSSEY,2018,ENGINE,Honda (American Honda Motor Co.),522
PE25008,HONDA,ODYSSEY,2019,ENGINE,Honda (American Honda Motor Co.),522
PE25008,HONDA,ODYSSEY,2020,ENGINE,Honda (American Honda Motor Co.),522
PE25008,HONDA,PILOT,2016,ENGINE,Honda (American Honda Motor Co.),522
PE25008,HONDA,PILOT,2017,ENGINE,Honda (American Honda Motor Co.),522
PE25008,HONDA,PILOT,2018,ENGINE,Honda (American Honda Motor Co.),522
PE25008,HONDA,PILOT,2019,ENGINE,Honda (American Honda Motor Co.),522
PE25008,HONDA,PILOT,2020,ENGINE,Honda (American Honda Motor Co.),522
PE25008,HONDA,RIDGELINE,2017,ENGINE,Honda (American Honda Motor Co.),522
PE25008,HONDA,RIDGELINE,2018,ENGINE,Honda (American Honda Motor Co.),522
PE25008,HONDA,RIDGELINE,2019,ENGINE,Honda (American Honda Motor Co.),522
PE25018,HONDA,ODYSSEY,2018,AIR BAGS,Honda (American Honda Motor Co.),522
PE25018,HONDA,ODYSSEY,2018,AIR BAGS:SENSOR:SIDE IMPACT,Honda (American Honda Motor Co.),522
PE25018,HONDA,ODYSSEY,2018,AIR BAGS:SIDE/WINDOW,Honda (American Honda Motor Co.),522
PE25018,HONDA,ODYSSEY,2019,AIR BAGS,Honda (American Honda Motor Co.),522
PE25018,HONDA,ODYSSEY,2019,AIR BAGS:SENSOR:SIDE IMPACT,Honda (American Honda Motor Co.),522
PE25018,HONDA,ODYSSEY,2019,AIR BAGS:SIDE/WINDOW,Honda (American Honda Motor Co.),522
PE25018,HONDA,ODYSSEY,2020,AIR BAGS,Honda (American Honda Motor Co.),522
PE25018,HONDA,ODYSSEY,2020,AIR BAGS:SENSOR:SIDE IMPACT,Honda (American Honda Motor Co.),522
PE25018,HONDA,ODYSSEY,2020,AIR BAGS:SIDE/WINDOW,Honda (American Honda Motor Co.),522
PE25018,HONDA,ODYSSEY,2021,AIR BAGS,Honda (American Honda Motor Co.),522
PE25018,HONDA,ODYSSEY,2021,AIR BAGS:SENSOR:SIDE IMPACT,Honda (American Honda Motor Co.),522
PE25018,HONDA,ODYSSEY,2021,AIR BAGS:SIDE/WINDOW,Honda (American Honda Motor Co.),522
PE25018,HONDA,ODYSSEY,2022,AIR BAGS,Honda (American Honda Motor Co.),522
PE25018,HONDA,ODYSSEY,2022,AIR BAGS:SENSOR:SIDE IMPACT,Honda (American Honda Motor Co.),522
PE25018,HONDA,ODYSSEY,2022,AIR BAGS:SIDE/WINDOW,Honda (American Honda Motor Co.),522
PE26002,BRAUN,RAM PROMASTER,2023,ELECTRICAL SYSTEM:WIRING:CONNECTORS/PLUGS/RECEPTACLES,Braun Corporation,522
PE26002,BRAUN,RAM PROMASTER,2023,STEERING,Braun Corporation,522
PE26002,BRAUN,RAM PROMASTER,2023,STEERING:ELECTRIC POWER ASSIST SYSTEM,Braun Corporation,522
PE26002,BRAUN,RAM PROMASTER,2023,STEERING:RACK AND PINION:RACK,Braun Corporation,522
PE26002,RAM,3500,2022,ELECTRICAL SYSTEM:WIRING:CONNECTORS/PLUGS/RECEPTACLES,"Chrysler (FCA US, LLC)",522
PE26002,RAM,3500,2022,STEERING,"Chrysler (FCA US, LLC)",522
PE26002,RAM,3500,2022,STEERING:ELECTRIC POWER ASSIST SYSTEM,"Chrysler (FCA US, LLC)",522
PE26002,RAM,3500,2022,STEERING:RACK AND PINION:RACK,"Chrysler (FCA US, LLC)",522
PE26002,RAM,PROMASTER,2022,ELECTRICAL SYSTEM:WIRING:CONNECTORS/PLUGS/RECEPTACLES,"Chrysler (FCA US, LLC)",522
PE26002,RAM,PROMASTER,2022,STEERING,"Chrysler (FCA US, LLC)",522
PE26002,RAM,PROMASTER,2022,STEERING:ELECTRIC POWER ASSIST SYSTEM,"Chrysler (FCA US, LLC)",522
PE26002,RAM,PROMASTER,2022,STEERING:RACK AND PINION:RACK,"Chrysler (FCA US, LLC)",522
PE26002,RAM,PROMASTER,2023,ELECTRICAL SYSTEM:WIRING:CONNECTORS/PLUGS/RECEPTACLES,"Chrysler (FCA US, LLC)",522
PE26002,RAM,PROMASTER,2023,STEERING,"Chrysler (FCA US, LLC)",522
PE26002,RAM,PROMASTER,2023,STEERING:ELECTRIC POWER ASSIST SYSTEM,"Chrysler (FCA US, LLC)",522
PE26002,RAM,PROMASTER,2023,STEERING:RACK AND PINION:RACK,"Chrysler (FCA US, LLC)",522
PE26003,AVRIDE,AUTOMATED DRIVING SYSTEM,,ELECTRICAL SYSTEM:ADAS:AUTONOMOUS/SELF DRIVING,Avride Inc.,522
PE26003,AVRIDE,AUTOMATED DRIVING SYSTEM,,ELECTRICAL SYSTEM:ADAS:AUTONOMOUS/SELF DRIVING:SOFTWARE,Avride Inc.,522
RQ21002,FORD,EDGE,2020,BACK OVER PREVENTION: SENSING SYSTEM: CAMERA,Ford Motor Company,522
RQ21002,FORD,ESCAPE,2020,BACK OVER PREVENTION: SENSING SYSTEM: CAMERA,Ford Motor Company,522
RQ21002,FORD,EXPEDITION,2020,BACK OVER PREVENTION: SENSING SYSTEM: CAMERA,Ford Motor Company,522
RQ21002,FORD,EXPLORER,2020,BACK OVER PREVENTION: SENSING SYSTEM: CAMERA,Ford Motor Company,522
RQ21002,FORD,F-150,2020,BACK OVER PREVENTION: SENSING SYSTEM: CAMERA,Ford Motor Company,522
RQ21002,FORD,F-250 SD,2020,BACK OVER PREVENTION: SENSING SYSTEM: CAMERA,Ford Motor Company,522
RQ21002,FORD,F-350 SD,2020,BACK OVER PREVENTION: SENSING SYSTEM: CAMERA,Ford Motor Company,522
RQ21002,FORD,F-450 SD,2020,BACK OVER PREVENTION: SENSING SYSTEM: CAMERA,Ford Motor Company,522
RQ21002,FORD,F-550 SD,2020,BACK OVER PREVENTION: SENSING SYSTEM: CAMERA,Ford Motor Company,522
RQ21002,FORD,MUSTANG,2020,BACK OVER PREVENTION: SENSING SYSTEM: CAMERA,Ford Motor Company,522
RQ21002,FORD,RANGER,2020,BACK OVER PREVENTION: SENSING SYSTEM: CAMERA,Ford Motor Company,522
RQ21002,FORD,TRANSIT,2020,BACK OVER PREVENTION: SENSING SYSTEM: CAMERA,Ford Motor Company,522
RQ21002,LINCOLN,CORSAIR,2020,BACK OVER PREVENTION: SENSING SYSTEM: CAMERA,Ford Motor Company,522
RQ21002,LINCOLN,NAUTILUS,2020,BACK OVER PREVENTION: SENSING SYSTEM: CAMERA,Ford Motor Company,522
RQ22005,HYUNDAI,PALISADE,2021,VISIBILITY/WIPER,Hyundai Motor America,522
RQ22005,HYUNDAI,PALISADE,2021,VISIBILITY:WINDSHIELD WIPER/WASHER,Hyundai Motor America,522
RQ22005,HYUNDAI,PALISADE,2021,VISIBILITY:WINDSHIELD WIPER/WASHER:LINKAGES,Hyundai Motor America,522
RQ22005,HYUNDAI,PALISADE,2021,VISIBILITY:WINDSHIELD WIPER/WASHER:MOTOR,Hyundai Motor America,522
RQ22005,HYUNDAI,PALISADE,2022,VISIBILITY/WIPER,Hyundai Motor America,522
RQ22005,HYUNDAI,PALISADE,2022,VISIBILITY:WINDSHIELD WIPER/WASHER,Hyundai Motor America,522
RQ22005,HYUNDAI,PALISADE,2022,VISIBILITY:WINDSHIELD WIPER/WASHER:LINKAGES,Hyundai Motor America,522
RQ22005,HYUNDAI,PALISADE,2022,VISIBILITY:WINDSHIELD WIPER/WASHER:MOTOR,Hyundai Motor America,522
RQ22005,HYUNDAI,PALISADE,2023,VISIBILITY/WIPER,Hyundai Motor America,522
RQ22005,HYUNDAI,PALISADE,2023,VISIBILITY:WINDSHIELD WIPER/WASHER,Hyundai Motor America,522
RQ22005,HYUNDAI,PALISADE,2023,VISIBILITY:WINDSHIELD WIPER/WASHER:LINKAGES,Hyundai Motor America,522
RQ22005,HYUNDAI,PALISADE,2023,VISIBILITY:WINDSHIELD WIPER/WASHER:MOTOR,Hyundai Motor America,522
RQ23002,FORD,EXPLORER,2020,POWER TRAIN:AXLE ASSEMBLY,Ford Motor Company,522
RQ23002,FORD,EXPLORER,2020,POWER TRAIN:DRIVELINE:DIFFERENTIAL UNIT,Ford Motor Company,522
RQ23002,FORD,EXPLORER,2021,POWER TRAIN:AXLE ASSEMBLY,Ford Motor Company,522
RQ23002,FORD,EXPLORER,2021,POWER TRAIN:DRIVELINE:DIFFERENTIAL UNIT,Ford Motor Company,522
RQ23002,FORD,EXPLORER,2022,POWER TRAIN:AXLE ASSEMBLY,Ford Motor Company,522
RQ23002,FORD,EXPLORER,2022,POWER TRAIN:DRIVELINE:DIFFERENTIAL UNIT,Ford Motor Company,522
RQ23004,FORD,MUSTANG MACH E,2021,ELECTRICAL SYSTEM:PROPULSION SYSTEM:TRACTION BATTERY:MANAGEMENT SYSTEM/ENERGY CONTROL MODULE (BMS/BECM):SOFTWARE,Ford Motor Company,522
RQ23004,FORD,MUSTANG MACH E,2021,ENGINE AND ENGINE COOLING:ENGINE:ENGINE CONTROL MODULE (ECU/ECM):SOFTWARE,Ford Motor Company,522
RQ23004,FORD,MUSTANG MACH E,2022,ELECTRICAL SYSTEM:PROPULSION SYSTEM:TRACTION BATTERY:MANAGEMENT SYSTEM/ENERGY CONTROL MODULE (BMS/BECM):SOFTWARE,Ford Motor Company,522
RQ23004,FORD,MUSTANG MACH E,2022,ENGINE AND ENGINE COOLING:ENGINE:ENGINE CONTROL MODULE (ECU/ECM):SOFTWARE,Ford Motor Company,522
RQ24013,ACURA,MDX,2016,ENGINE,Honda (American Honda Motor Co.),522
RQ24013,ACURA,MDX,2017,ENGINE,Honda (American Honda Motor Co.),522
RQ24013,ACURA,MDX,2018,ENGINE,Honda (American Honda Motor Co.),522
RQ24013,ACURA,MDX,2019,ENGINE,Honda (American Honda Motor Co.),522
RQ24013,ACURA,MDX,2020,ENGINE,Honda (American Honda Motor Co.),522
RQ24013,ACURA,TLX,2018,ENGINE,Honda (American Honda Motor Co.),522
RQ24013,ACURA,TLX,2019,ENGINE,Honda (American Honda Motor Co.),522
RQ24013,ACURA,TLX,2020,ENGINE,Honda (American Honda Motor Co.),522
RQ24013,HONDA,ODYSSEY,2018,ENGINE,Honda (American Honda Motor Co.),522
RQ24013,HONDA,ODYSSEY,2019,ENGINE,Honda (American Honda Motor Co.),522
RQ24013,HONDA,ODYSSEY,2020,ENGINE,Honda (American Honda Motor Co.),522
RQ24013,HONDA,PILOT,2015,ENGINE,Honda (American Honda Motor Co.),522
RQ24013,HONDA,PILOT,2016,ENGINE,Honda (American Honda Motor Co.),522
RQ24013,HONDA,PILOT,2017,ENGINE,Honda (American Honda Motor Co.),522
RQ24013,HONDA,PILOT,2018,ENGINE,Honda (American Honda Motor Co.),522
RQ24013,HONDA,PILOT,2019,ENGINE,Honda (American Honda Motor Co.),522
RQ24013,HONDA,PILOT,2020,ENGINE,Honda (American Honda Motor Co.),522
RQ24013,HONDA,RIDGELINE,2017,ENGINE,Honda (American Honda Motor Co.),522
RQ24013,HONDA,RIDGELINE,2018,ENGINE,Honda (American Honda Motor Co.),522
RQ24013,HONDA,RIDGELINE,2019,ENGINE,Honda (American Honda Motor Co.),522
